{
"type": "FeatureCollection",
"name": "hobo_geo",
"bbox": [ 5110064.96147243, 1056827.34868318, 5238698.81860407, 1140177.42964262 ],                                                
"features": [
{ "type": "Feature", "properties": { "year": 2017, "hobo_id": 10760709, "mean_temp": 1.6491166715585148, "var_temp": 16.80702679645476, "day_temp": 2.129515505436963, "night_temp": 1.3736998383745089, "day_temp_90": 8.481, "night_temp_10": -2.962, "longitude": 7.84008, "latitude": 48.000496 }, "bbox": [ 5161391.32491908967495, 1113009.678717024158686, 5161391.32491908967495, 1113009.678717024158686 ], "geometry": { "type": "Point", "coordinates": [ 5161391.32491908967495, 1113009.678717024158686 ] } },
{ "type": "Feature", "properties": { "year": 2017, "hobo_id": 10350103, "mean_temp": 2.0082923393014012, "var_temp": 17.445381355593735, "day_temp": 2.6946294067067864, "night_temp": 1.652583778966108, "day_temp_90": 8.879, "night_temp_10": -2.727, "longitude": 7.834814, "latitude": 47.997648 }, "bbox": [ 5161073.621902721934021, 1112223.776769504649565, 5161073.621902721934021, 1112223.776769504649565 ], "geometry": { "type": "Point", "coordinates": [ 5161073.621902721934021, 1112223.776769504649565 ] } },
{ "type": "Feature", "properties": { "year": 2017, "hobo_id": 10350084, "mean_temp": 1.2150045474548516, "var_temp": 19.686012390971129, "day_temp": 1.576771232876705, "night_temp": 1.0437771774367741, "day_temp_90": 8.382, "night_temp_10": -3.792, "longitude": 7.840537, "latitude": 48.000112 }, "bbox": [ 5161330.261922074481845, 1113068.0514496921096, 5161330.261922074481845, 1113068.0514496921096 ], "geometry": { "type": "Point", "coordinates": [ 5161330.261922074481845, 1113068.0514496921096 ] } },
{ "type": "Feature", "properties": { "year": 2017, "hobo_id": 10760769, "mean_temp": 0.50152529696435266, "var_temp": 23.559678692635085, "day_temp": 1.5727238774653749, "night_temp": -0.073917944093790142, "day_temp_90": 9.176, "night_temp_10": -4.636, "longitude": 7.863835, "latitude": 48.025949 }, "bbox": [ 5164594.117765960283577, 1116752.648735492955893, 5164594.117765960283577, 1116752.648735492955893 ], "geometry": { "type": "Point", "coordinates": [ 5164594.117765960283577, 1116752.648735492955893 ] } },
{ "type": "Feature", "properties": { "year": 2017, "hobo_id": 10760766, "mean_temp": 3.0879344382516574, "var_temp": 24.710594030173699, "day_temp": 4.6228736190896651, "night_temp": 2.3253510428100554, "day_temp_90": 12.497, "night_temp_10": -2.844, "longitude": 7.835419, "latitude": 47.98563 }, "bbox": [ 5159376.683566539548337, 1112121.942301666364074, 5159376.683566539548337, 1112121.942301666364074 ], "geometry": { "type": "Point", "coordinates": [ 5159376.683566539548337, 1112121.942301666364074 ] } },
{ "type": "Feature", "properties": { "year": 2017, "hobo_id": 10760764, "mean_temp": 1.1836682798064027, "var_temp": 31.502763024295877, "day_temp": 2.489549441786274, "night_temp": 0.42394896775690061, "day_temp_90": 9.669, "night_temp_10": -4.636, "longitude": 7.968865, "latitude": 48.563716 }, "bbox": [ 5238698.818604066967964, 1140177.42964261607267, 5238698.818604066967964, 1140177.42964261607267 ], "geometry": { "type": "Point", "coordinates": [ 5238698.818604066967964, 1140177.42964261607267 ] } },
{ "type": "Feature", "properties": { "year": 2017, "hobo_id": 10350051, "mean_temp": 0.87234937637560017, "var_temp": 24.710374270785771, "day_temp": 2.4405132707227364, "night_temp": -0.0072734768667032067, "day_temp_90": 9.571, "night_temp_10": -4.272, "longitude": 7.863913, "latitude": 48.026102 }, "bbox": [ 5164614.384019878692925, 1116766.029025085037574, 5164614.384019878692925, 1116766.029025085037574 ], "geometry": { "type": "Point", "coordinates": [ 5164614.384019878692925, 1116766.029025085037574 ] } },
{ "type": "Feature", "properties": { "year": 2017, "hobo_id": 10801139, "mean_temp": 0.2082237382628889, "var_temp": 25.27017744677903, "day_temp": 0.98817553839902372, "night_temp": -0.23252514351320383, "day_temp_90": 7.882, "night_temp_10": -5.995, "longitude": 7.865495, "latitude": 47.988292 }, "bbox": [ 5159280.285120804794133, 1116397.852601767051965, 5159280.285120804794133, 1116397.852601767051965 ], "geometry": { "type": "Point", "coordinates": [ 5159280.285120804794133, 1116397.852601767051965 ] } },
{ "type": "Feature", "properties": { "year": 2017, "hobo_id": 10760707, "mean_temp": 2.639776767380412, "var_temp": 34.941020067513577, "day_temp": 4.8432794739313909, "night_temp": 1.63929537214757, "day_temp_90": 12.787, "night_temp_10": -4.152, "longitude": 7.855234, "latitude": 47.991248 }, "bbox": [ 5159855.892198774963617, 1114999.327346144011244, 5159855.892198774963617, 1114999.327346144011244 ], "geometry": { "type": "Point", "coordinates": [ 5159855.892198774963617, 1114999.327346144011244 ] } },
{ "type": "Feature", "properties": { "year": 2017, "hobo_id": 10760821, "mean_temp": 0.96852179016870654, "var_temp": 18.1366464470963, "day_temp": 1.3852567001674978, "night_temp": 0.74372780664107863, "day_temp_90": 8.082, "night_temp_10": -3.316, "longitude": 7.812895, "latitude": 47.999627 }, "bbox": [ 5161693.237922333180904, 1109167.819529270520434, 5161693.237922333180904, 1109167.819529270520434 ], "geometry": { "type": "Point", "coordinates": [ 5161693.237922333180904, 1109167.819529270520434 ] } },
{ "type": "Feature", "properties": { "year": 2017, "hobo_id": 10350083, "mean_temp": 1.4295729166666169, "var_temp": 25.668740131439417, "day_temp": 3.1330156128024838, "night_temp": 0.4036631405735725, "day_temp_90": 9.965, "night_temp_10": -4.88, "longitude": 7.831249, "latitude": 47.980034 }, "bbox": [ 5158656.042391811497509, 1111447.820038933539763, 5158656.042391811497509, 1111447.820038933539763 ], "geometry": { "type": "Point", "coordinates": [ 5158656.042391811497509, 1111447.820038933539763 ] } },
{ "type": "Feature", "properties": { "year": 2017, "hobo_id": 10350005, "mean_temp": 0.76084358033746424, "var_temp": 22.365522735141877, "day_temp": 1.3330177204993872, "night_temp": 0.43288688827331695, "day_temp_90": 8.68, "night_temp_10": -4.272, "longitude": 7.8328692, "latitude": 48.0108442 }, "bbox": [ 5162957.244438304565847, 1112155.343085372122005, 5162957.244438304565847, 1112155.343085372122005 ], "geometry": { "type": "Point", "coordinates": [ 5162957.244438304565847, 1112155.343085372122005 ] } },
{ "type": "Feature", "properties": { "year": 2017, "hobo_id": 10760817, "mean_temp": 0.92156585508943178, "var_temp": 23.565196502703657, "day_temp": 2.5049037773359699, "night_temp": -0.0038570764582834061, "day_temp_90": 9.571, "night_temp_10": -4.514, "longitude": 7.855135, "latitude": 48.017288 }, "bbox": [ 5163514.041840445250273, 1115391.85580490087159, 5163514.041840445250273, 1115391.85580490087159 ], "geometry": { "type": "Point", "coordinates": [ 5163514.041840445250273, 1115391.85580490087159 ] } },
{ "type": "Feature", "properties": { "year": 2017, "hobo_id": 10347311, "mean_temp": 3.3600755131964286, "var_temp": 23.183789800573546, "day_temp": 4.9449629317606822, "night_temp": 2.5138040935672104, "day_temp_90": 13.654, "night_temp_10": -2.261, "longitude": 7.835317, "latitude": 47.98563 }, "bbox": [ 5159378.274880419485271, 1112107.581256680656224, 5159378.274880419485271, 1112107.581256680656224 ], "geometry": { "type": "Point", "coordinates": [ 5159378.274880419485271, 1112107.581256680656224 ] } },
{ "type": "Feature", "properties": { "year": 2017, "hobo_id": 10760765, "mean_temp": 0.84005296361498427, "var_temp": 22.286439230796791, "day_temp": 1.9007903930130916, "night_temp": 0.21822434256457129, "day_temp_90": 7.782, "night_temp_10": -5.125, "longitude": 7.865383, "latitude": 47.988326 }, "bbox": [ 5159286.812249230220914, 1116382.615456877043471, 5159286.812249230220914, 1116382.615456877043471 ], "geometry": { "type": "Point", "coordinates": [ 5159286.812249230220914, 1116382.615456877043471 ] } },
{ "type": "Feature", "properties": { "year": 2017, "hobo_id": 10350086, "mean_temp": 0.71736096845190522, "var_temp": 24.166284617554648, "day_temp": 1.73697, "night_temp": 0.12662572421784712, "day_temp_90": 8.978, "night_temp_10": -5.003, "longitude": 7.812528, "latitude": 47.974081 }, "bbox": [ 5158111.71770027000457, 1108719.775169180473313, 5158111.71770027000457, 1108719.775169180473313 ], "geometry": { "type": "Point", "coordinates": [ 5158111.71770027000457, 1108719.775169180473313 ] } },
{ "type": "Feature", "properties": { "year": 2017, "hobo_id": 10350048, "mean_temp": -0.39960023463851502, "var_temp": 28.804234957500686, "day_temp": 0.78471705579738693, "night_temp": -1.0968904939422102, "day_temp_90": 7.782, "night_temp_10": -7.527, "longitude": 7.901466, "latitude": 47.984008 }, "bbox": [ 5158114.413639687001705, 1121394.622748097870499, 5158114.413639687001705, 1121394.622748097870499 ], "geometry": { "type": "Point", "coordinates": [ 5158114.413639687001705, 1121394.622748097870499 ] } },
{ "type": "Feature", "properties": { "year": 2017, "hobo_id": 10350067, "mean_temp": 0.24050821114367807, "var_temp": 27.21781546041068, "day_temp": 1.6507076753580501, "night_temp": -0.69675640712716513, "day_temp_90": 9.176, "night_temp_10": -5.496, "longitude": 7.812396, "latitude": 47.978973 }, "bbox": [ 5158800.622405990026891, 1108777.053858471335843, 5158800.622405990026891, 1108777.053858471335843 ], "geometry": { "type": "Point", "coordinates": [ 5158800.622405990026891, 1108777.053858471335843 ] } },
{ "type": "Feature", "properties": { "year": 2017, "hobo_id": 10760767, "mean_temp": 1.2697647748936352, "var_temp": 20.344202350938524, "day_temp": 1.9439745497259078, "night_temp": 0.86602930832356795, "day_temp_90": 8.879, "night_temp_10": -3.672, "longitude": 7.847308, "latitude": 48.003533 }, "bbox": [ 5161704.82947614043951, 1114074.874106086557731, 5161704.82947614043951, 1114074.874106086557731 ], "geometry": { "type": "Point", "coordinates": [ 5161704.82947614043951, 1114074.874106086557731 ] } },
{ "type": "Feature", "properties": { "year": 2017, "hobo_id": 10760819, "mean_temp": 4.2856128227697994, "var_temp": 17.028505734297816, "day_temp": 5.4218865306122188, "night_temp": 3.6479878607420679, "day_temp_90": 11.139, "night_temp_10": -0.325, "longitude": 7.819485, "latitude": 47.997224 }, "bbox": [ 5161253.124773329123855, 1110058.547457759501413, 5161253.124773329123855, 1110058.547457759501413 ], "geometry": { "type": "Point", "coordinates": [ 5161253.124773329123855, 1110058.547457759501413 ] } },
{ "type": "Feature", "properties": { "year": 2017, "hobo_id": 10347349, "mean_temp": 1.1673634096243513, "var_temp": 51.338444397481297, "day_temp": 1.3251518682201857, "night_temp": 1.0765994915645714, "day_temp_90": 9.077, "night_temp_10": -7.138, "longitude": 7.839469, "latitude": 47.978803 }, "bbox": [ 5158355.019426333718002, 1112585.909392802743241, 5158355.019426333718002, 1112585.909392802743241 ], "geometry": { "type": "Point", "coordinates": [ 5158355.019426333718002, 1112585.909392802743241 ] } },
{ "type": "Feature", "properties": { "year": 2017, "hobo_id": 10347368, "mean_temp": 1.5049706529713356, "var_temp": 18.448803077800129, "day_temp": 1.7303342025206252, "night_temp": 1.3900921577314953, "day_temp_90": 8.182, "night_temp_10": -3.079, "longitude": 7.816899, "latitude": 47.997117 }, "bbox": [ 5161278.379653795622289, 1109692.715143873821944, 5161278.379653795622289, 1109692.715143873821944 ], "geometry": { "type": "Point", "coordinates": [ 5161278.379653795622289, 1109692.715143873821944 ] } },
{ "type": "Feature", "properties": { "year": 2017, "hobo_id": 10760825, "mean_temp": -0.025491418512549199, "var_temp": 26.133656622615529, "day_temp": 1.1630451819272223, "night_temp": -0.71421478220574774, "day_temp_90": 7.882, "night_temp_10": -6.754, "longitude": 7.879432, "latitude": 47.988442 }, "bbox": [ 5159082.88202403858304, 1118362.299893628573045, 5159082.88202403858304, 1118362.299893628573045 ], "geometry": { "type": "Point", "coordinates": [ 5159082.88202403858304, 1118362.299893628573045 ] } },
{ "type": "Feature", "properties": { "year": 2017, "hobo_id": 10347315, "mean_temp": 0.69001818715163932, "var_temp": 22.803413197556832, "day_temp": 1.6775269726247792, "night_temp": 0.12403484079372556, "day_temp_90": 8.779, "night_temp_10": -4.88, "longitude": 7.852069, "latitude": 48.115968 }, "bbox": [ 5177430.786115620285273, 1116504.531589627498761, 5177430.786115620285273, 1116504.531589627498761 ], "geometry": { "type": "Point", "coordinates": [ 5177430.786115620285273, 1116504.531589627498761 ] } },
{ "type": "Feature", "properties": { "year": 2017, "hobo_id": 10760710, "mean_temp": 1.4411898474177851, "var_temp": 23.812479212668755, "day_temp": 2.5540137819213458, "night_temp": 0.80993285812830806, "day_temp_90": 9.275, "night_temp_10": -3.792, "longitude": 7.830825, "latitude": 48.004369 }, "bbox": [ 5162079.736312137916684, 1111766.637436720309779, 5162079.736312137916684, 1111766.637436720309779 ], "geometry": { "type": "Point", "coordinates": [ 5162079.736312137916684, 1111766.637436720309779 ] } },
{ "type": "Feature", "properties": { "year": 2017, "hobo_id": 10132405, "mean_temp": 2.1363548481736321, "var_temp": 17.708627795572514, "day_temp": 2.6916007194244518, "night_temp": 1.8144023174970658, "day_temp_90": 9.373, "night_temp_10": -2.494, "longitude": 7.83941, "latitude": 48.00294 }, "bbox": [ 5161745.001451894640923, 1112953.400697423843667, 5161745.001451894640923, 1112953.400697423843667 ], "geometry": { "type": "Point", "coordinates": [ 5161745.001451894640923, 1112953.400697423843667 ] } },
{ "type": "Feature", "properties": { "year": 2017, "hobo_id": 10347381, "mean_temp": 1.196666076434951, "var_temp": 32.913975892168104, "day_temp": 2.2897401448109411, "night_temp": 0.56339128408296257, "day_temp_90": 9.571, "night_temp_10": -4.272, "longitude": 7.818128, "latitude": 48.01617 }, "bbox": [ 5163935.335767558775842, 1110161.895691074663773, 5163935.335767558775842, 1110161.895691074663773 ], "geometry": { "type": "Point", "coordinates": [ 5163935.335767558775842, 1110161.895691074663773 ] } },
{ "type": "Feature", "properties": { "year": 2017, "hobo_id": 10347327, "mean_temp": 1.9987014377933874, "var_temp": 18.192605468441133, "day_temp": 3.0320897385875845, "night_temp": 1.3759470961674078, "day_temp_90": 9.275, "night_temp_10": -2.727, "longitude": 7.807931, "latitude": 48.010248 }, "bbox": [ 5163262.323019210249186, 1108633.576271012425423, 5163262.323019210249186, 1108633.576271012425423 ], "geometry": { "type": "Point", "coordinates": [ 5163262.323019210249186, 1108633.576271012425423 ] } },
{ "type": "Feature", "properties": { "year": 2017, "hobo_id": 10347312, "mean_temp": 3.0988398592168398, "var_temp": 22.333015794533058, "day_temp": 2.9225527597402419, "night_temp": 3.1985807118254312, "day_temp_90": 8.581, "night_temp_10": -1.799, "longitude": 7.830746, "latitude": 47.993729 }, "bbox": [ 5160586.778502532280982, 1111589.961010685190558, 5160586.778502532280982, 1111589.961010685190558 ], "geometry": { "type": "Point", "coordinates": [ 5160586.778502532280982, 1111589.961010685190558 ] } },
{ "type": "Feature", "properties": { "year": 2017, "hobo_id": 10760760, "mean_temp": 2.9759353182751358, "var_temp": 45.169766390857468, "day_temp": 6.2409872846595302, "night_temp": 1.1585388127853744, "day_temp_90": 19.662, "night_temp_10": -4.031, "longitude": 7.853364, "latitude": 47.994533 }, "bbox": [ 5160346.364657807163894, 1114787.273854532279074, 5160346.364657807163894, 1114787.273854532279074 ], "geometry": { "type": "Point", "coordinates": [ 5160346.364657807163894, 1114787.273854532279074 ] } },
{ "type": "Feature", "properties": { "year": 2017, "hobo_id": 10350034, "mean_temp": 3.8205499193665515, "var_temp": 11.800450627896224, "day_temp": 4.5837336854017554, "night_temp": 3.335370023980794, "day_temp_90": 9.866, "night_temp_10": -0.325, "longitude": 7.848169, "latitude": 47.999581 }, "bbox": [ 5161136.413790823891759, 1114134.494833412114531, 5161136.413790823891759, 1114134.494833412114531 ], "geometry": { "type": "Point", "coordinates": [ 5161136.413790823891759, 1114134.494833412114531 ] } },
{ "type": "Feature", "properties": { "year": 2018, "hobo_id": 10350053, "mean_temp": 6.1832735661556075, "var_temp": 12.077958662194776, "day_temp": 6.8062087007642207, "night_temp": 5.9807694324780023, "day_temp_90": 12.594, "night_temp_10": 1.98, "longitude": 7.7989, "latitude": 48.050858 }, "bbox": [ 5169109.159752627834678, 1107991.916648829123005, 5169109.159752627834678, 1107991.916648829123005 ], "geometry": { "type": "Point", "coordinates": [ 5169109.159752627834678, 1107991.916648829123005 ] } },
{ "type": "Feature", "properties": { "year": 2018, "hobo_id": 10350084, "mean_temp": 6.58549375532216, "var_temp": 15.737529176611137, "day_temp": 7.5215139416983616, "night_temp": 6.3153694220921359, "day_temp_90": 13.558, "night_temp_10": 2.303, "longitude": 7.8661, "latitude": 47.989665 }, "bbox": [ 5159463.558566033840179, 1116504.472262571565807, 5159463.558566033840179, 1116504.472262571565807 ], "geometry": { "type": "Point", "coordinates": [ 5159463.558566033840179, 1116504.472262571565807 ] } },
{ "type": "Feature", "properties": { "year": 2018, "hobo_id": 10350031, "mean_temp": 4.6142174283281072, "var_temp": 15.371500346756541, "day_temp": 5.76280012570711, "night_temp": 4.2763409174311686, "day_temp_90": 12.11, "night_temp_10": 0.232, "longitude": 7.9567, "latitude": 47.979416 }, "bbox": [ 5156598.523270170204341, 1129096.384594888193533, 5156598.523270170204341, 1129096.384594888193533 ], "geometry": { "type": "Point", "coordinates": [ 5156598.523270170204341, 1129096.384594888193533 ] } },
{ "type": "Feature", "properties": { "year": 2018, "hobo_id": 10350000, "mean_temp": 6.8742374396820178, "var_temp": 15.109167940917487, "day_temp": 7.5672282676672804, "night_temp": 6.6708057646410026, "day_temp_90": 12.787, "night_temp_10": 2.837, "longitude": 7.8348, "latitude": 47.983858 }, "bbox": [ 5159137.549052255228162, 1112007.225282178027555, 5159137.549052255228162, 1112007.225282178027555 ], "geometry": { "type": "Point", "coordinates": [ 5159137.549052255228162, 1112007.225282178027555 ] } },
{ "type": "Feature", "properties": { "year": 2018, "hobo_id": 10347357, "mean_temp": 7.7217001414427022, "var_temp": 16.532653270943552, "day_temp": 9.9433598574821733, "night_temp": 7.4179016314003832, "day_temp_90": 20.138, "night_temp_10": 3.367, "longitude": 7.8582, "latitude": 47.987391 }, "bbox": [ 5159267.992416387423873, 1115356.745065830182284, 5159267.992416387423873, 1115356.745065830182284 ], "geometry": { "type": "Point", "coordinates": [ 5159267.992416387423873, 1115356.745065830182284 ] } },
{ "type": "Feature", "properties": { "year": 2018, "hobo_id": 10347322, "mean_temp": 6.0245721788502085, "var_temp": 14.611435386505805, "day_temp": 6.6155187398152941, "night_temp": 5.808975192307698, "day_temp_90": 12.11, "night_temp_10": 1.656, "longitude": 7.8292, "latitude": 48.015545 }, "bbox": [ 5163674.799738328903913, 1111711.736602537799627, 5163674.799738328903913, 1111711.736602537799627 ], "geometry": { "type": "Point", "coordinates": [ 5163674.799738328903913, 1111711.736602537799627 ] } },
{ "type": "Feature", "properties": { "year": 2018, "hobo_id": 10760767, "mean_temp": 6.3318418439715973, "var_temp": 17.808102996262679, "day_temp": 6.9485661846496063, "night_temp": 6.1109014326647602, "day_temp_90": 12.98, "night_temp_10": 1.764, "longitude": 7.8344, "latitude": 47.985 }, "bbox": [ 5159304.12644378002733, 1111968.672404757933691, 5159304.12644378002733, 1111968.672404757933691 ], "geometry": { "type": "Point", "coordinates": [ 5159304.12644378002733, 1111968.672404757933691 ] } },
{ "type": "Feature", "properties": { "year": 2018, "hobo_id": 10132405, "mean_temp": 7.1417242798353122, "var_temp": 22.524807628906572, "day_temp": 10.603363079615038, "night_temp": 6.4580054486633047, "day_temp_90": 20.996, "night_temp_10": 2.088, "longitude": 7.8192, "latitude": 47.977173 }, "bbox": [ 5158442.042713233269751, 1109707.05327026033774, 5158442.042713233269751, 1109707.05327026033774 ], "geometry": { "type": "Point", "coordinates": [ 5158442.042713233269751, 1109707.05327026033774 ] } },
{ "type": "Feature", "properties": { "year": 2018, "hobo_id": 10347323, "mean_temp": 6.240620502569973, "var_temp": 11.356333788561473, "day_temp": 7.0922366790582378, "night_temp": 6.11626022727273, "day_temp_90": 12.594, "night_temp_10": 2.195, "longitude": 7.8152, "latitude": 47.996362 }, "bbox": [ 5161198.806094345636666, 1109441.73048740089871, 5161198.806094345636666, 1109441.73048740089871 ], "geometry": { "type": "Point", "coordinates": [ 5161198.806094345636666, 1109441.73048740089871 ] } },
{ "type": "Feature", "properties": { "year": 2018, "hobo_id": 10349994, "mean_temp": 6.9000762242725227, "var_temp": 15.253768494047099, "day_temp": 7.3407766013763718, "night_temp": 6.7339603652613391, "day_temp_90": 12.98, "night_temp_10": 2.41, "longitude": 7.8293, "latitude": 48.006369 }, "bbox": [ 5162384.423370871692896, 1111582.99110977910459, 5162384.423370871692896, 1111582.99110977910459 ], "geometry": { "type": "Point", "coordinates": [ 5162384.423370871692896, 1111582.99110977910459 ] } },
{ "type": "Feature", "properties": { "year": 2018, "hobo_id": 10350032, "mean_temp": 5.9635391711609538, "var_temp": 12.214826629196446, "day_temp": 6.7203422190201785, "night_temp": 5.7778829975256532, "day_temp_90": 12.594, "night_temp_10": 1.872, "longitude": 7.8753, "latitude": 47.989574 }, "bbox": [ 5159306.597768696025014, 1117798.289215231314301, 5159306.597768696025014, 1117798.289215231314301 ], "geometry": { "type": "Point", "coordinates": [ 5159306.597768696025014, 1117798.289215231314301 ] } },
{ "type": "Feature", "properties": { "year": 2018, "hobo_id": 10347391, "mean_temp": 6.4308247978436803, "var_temp": 16.864463716603989, "day_temp": 6.9624687499999522, "night_temp": 6.2565125939849455, "day_temp_90": 12.883, "night_temp_10": 1.872, "longitude": 7.7209, "latitude": 48.0504857 }, "bbox": [ 5170266.221156866289675, 1096992.061972006456926, 5170266.221156866289675, 1096992.061972006456926 ], "geometry": { "type": "Point", "coordinates": [ 5170266.221156866289675, 1096992.061972006456926 ] } },
{ "type": "Feature", "properties": { "year": 2018, "hobo_id": 10350028, "mean_temp": 6.497368279188497, "var_temp": 18.481517071218377, "day_temp": 8.5067247191011219, "night_temp": 6.1766842882941626, "day_temp_90": 18.331, "night_temp_10": 1.872, "longitude": 7.799, "latitude": 48.050817 }, "bbox": [ 5169101.83896127063781, 1108005.372903909999877, 5169101.83896127063781, 1108005.372903909999877 ], "geometry": { "type": "Point", "coordinates": [ 5169101.83896127063781, 1108005.372903909999877 ] } },
{ "type": "Feature", "properties": { "year": 2018, "hobo_id": 10350063, "mean_temp": 5.8629370034051664, "var_temp": 14.57276947921526, "day_temp": 6.537963023382269, "night_temp": 5.6247705012483573, "day_temp_90": 11.236, "night_temp_10": 1.764, "longitude": 7.836, "latitude": 47.98547 }, "bbox": [ 5159345.154614770784974, 1112201.254443754442036, 5159345.154614770784974, 1112201.254443754442036 ], "geometry": { "type": "Point", "coordinates": [ 5159345.154614770784974, 1112201.254443754442036 ] } },
{ "type": "Feature", "properties": { "year": 2018, "hobo_id": 10350051, "mean_temp": 7.039207689033856, "var_temp": 13.928545998856949, "day_temp": 7.4621771747805266, "night_temp": 6.9427204078105964, "day_temp_90": 12.883, "night_temp_10": 2.837, "longitude": 7.8348, "latitude": 47.997663 }, "bbox": [ 5161075.946818545460701, 1112222.03881262964569, 5161075.946818545460701, 1112222.03881262964569 ], "geometry": { "type": "Point", "coordinates": [ 5161075.946818545460701, 1112222.03881262964569 ] } },
{ "type": "Feature", "properties": { "year": 2018, "hobo_id": 10350087, "mean_temp": 6.7189009929077494, "var_temp": 21.648831248246868, "day_temp": 7.2365598141695804, "night_temp": 6.6324679092382146, "day_temp_90": 12.787, "night_temp_10": 1.439, "longitude": 7.8048, "latitude": 48.026526 }, "bbox": [ 5165597.915745401754975, 1108445.28141083731316, 5165597.915745401754975, 1108445.28141083731316 ], "geometry": { "type": "Point", "coordinates": [ 5165597.915745401754975, 1108445.28141083731316 ] } },
{ "type": "Feature", "properties": { "year": 2018, "hobo_id": 10760824, "mean_temp": 19.652263888888864, "var_temp": 3.1919142323643386, "day_temp": 20.89416326530613, "night_temp": 19.287874251496991, "day_temp_90": 23.581, "night_temp_10": 18.711, "longitude": 7.8582, "latitude": 47.987391 }, "bbox": [ 5159267.992416387423873, 1115356.745065830182284, 5159267.992416387423873, 1115356.745065830182284 ], "geometry": { "type": "Point", "coordinates": [ 5159267.992416387423873, 1115356.745065830182284 ] } },
{ "type": "Feature", "properties": { "year": 2018, "hobo_id": 10347367, "mean_temp": 5.9387356696934974, "var_temp": 14.326723583163457, "day_temp": 6.5718043052837674, "night_temp": 5.8280890365448528, "day_temp_90": 11.236, "night_temp_10": 1.872, "longitude": 7.8314, "latitude": 47.97276 }, "bbox": [ 5157632.503782917745411, 1111356.018094832077622, 5157632.503782917745411, 1111356.018094832077622 ], "geometry": { "type": "Point", "coordinates": [ 5157632.503782917745411, 1111356.018094832077622 ] } },
{ "type": "Feature", "properties": { "year": 2018, "hobo_id": 10347364, "mean_temp": 6.7843589561764084, "var_temp": 17.524269038082547, "day_temp": 7.5305953978906812, "night_temp": 6.4708344410875993, "day_temp_90": 12.69, "night_temp_10": 2.41, "longitude": 7.8558, "latitude": 48.019456 }, "bbox": [ 5163808.117386298254132, 1115519.385532716987655, 5163808.117386298254132, 1115519.385532716987655 ], "geometry": { "type": "Point", "coordinates": [ 5163808.117386298254132, 1115519.385532716987655 ] } },
{ "type": "Feature", "properties": { "year": 2018, "hobo_id": 10350083, "mean_temp": 7.482279676641582, "var_temp": 17.614173991840904, "day_temp": 8.1600379955946956, "night_temp": 7.2380660666411298, "day_temp_90": 13.942, "night_temp_10": 2.943, "longitude": 7.8558, "latitude": 48.019456 }, "bbox": [ 5163808.117386298254132, 1115519.385532716987655, 5163808.117386298254132, 1115519.385532716987655 ], "geometry": { "type": "Point", "coordinates": [ 5163808.117386298254132, 1115519.385532716987655 ] } },
{ "type": "Feature", "properties": { "year": 2018, "hobo_id": 10347310, "mean_temp": 6.8214711388454878, "var_temp": 16.824464766932916, "day_temp": 6.9958267530936666, "night_temp": 6.7662075084048796, "day_temp_90": 12.69, "night_temp_10": 2.41, "longitude": 7.8559, "latitude": 48.019555 }, "bbox": [ 5163820.455312206409872, 1115535.017123442608863, 5163820.455312206409872, 1115535.017123442608863 ], "geometry": { "type": "Point", "coordinates": [ 5163820.455312206409872, 1115535.017123442608863 ] } },
{ "type": "Feature", "properties": { "year": 2018, "hobo_id": 10350095, "mean_temp": 7.9271790832978128, "var_temp": 29.275185680669324, "day_temp": 7.7580619469026537, "night_temp": 7.940738767144838, "day_temp_90": 12.883, "night_temp_10": 2.195, "longitude": 7.8234, "latitude": 47.981366919444397 }, "bbox": [ 5158965.485206115990877, 1110363.481288068229333, 5158965.485206115990877, 1110363.481288068229333 ], "geometry": { "type": "Point", "coordinates": [ 5158965.485206115990877, 1110363.481288068229333 ] } },
{ "type": "Feature", "properties": { "year": 2019, "hobo_id": 10760763, "mean_temp": 3.7743725859632571, "var_temp": 15.527064549486218, "day_temp": 4.6744704761904785, "night_temp": 3.637372899729022, "day_temp_90": 10.748, "night_temp_10": -0.887, "longitude": 7.8662, "latitude": 48.0096 }, "bbox": [ 5162260.96940484456718, 1116830.068479915382341, 5162260.96940484456718, 1116830.068479915382341 ], "geometry": { "type": "Point", "coordinates": [ 5162260.96940484456718, 1116830.068479915382341 ] } },
{ "type": "Feature", "properties": { "year": 2019, "hobo_id": 10350090, "mean_temp": 4.6790343934039287, "var_temp": 14.650362262718829, "day_temp": 5.7909024822695159, "night_temp": 4.4938791928006205, "day_temp_90": 11.625, "night_temp_10": 0.232, "longitude": 7.836111, "latitude": 47.9845 }, "bbox": [ 5159207.233930656686425, 1112201.790736265480518, 5159207.233930656686425, 1112201.790736265480518 ], "geometry": { "type": "Point", "coordinates": [ 5159207.233930656686425, 1112201.790736265480518 ] } },
{ "type": "Feature", "properties": { "year": 2019, "hobo_id": 10347392, "mean_temp": 5.1940746760894756, "var_temp": 15.068610600218603, "day_temp": 6.60701, "night_temp": 4.9593242499311589, "day_temp_90": 11.819, "night_temp_10": 0.563, "longitude": 7.8215864, "latitude": 48.006962 }, "bbox": [ 5162588.028109811246395, 1110505.843088166089728, 5162588.028109811246395, 1110505.843088166089728 ], "geometry": { "type": "Point", "coordinates": [ 5162588.028109811246395, 1110505.843088166089728 ] } },
{ "type": "Feature", "properties": { "year": 2019, "hobo_id": 10347320, "mean_temp": 4.5567096695820979, "var_temp": 17.446092852990382, "day_temp": 6.3622394195888639, "night_temp": 4.0860097739767838, "day_temp_90": 12.013, "night_temp_10": -0.549, "longitude": 7.815115, "latitude": 47.996234 }, "bbox": [ 5161182.153470266610384, 1109427.772950832266361, 5161182.153470266610384, 1109427.772950832266361 ], "geometry": { "type": "Point", "coordinates": [ 5161182.153470266610384, 1109427.772950832266361 ] } },
{ "type": "Feature", "properties": { "year": 2019, "hobo_id": 10347365, "mean_temp": 4.502879802026837, "var_temp": 13.685705958203432, "day_temp": 5.4527692307692357, "night_temp": 4.3960919600630541, "day_temp_90": 11.334, "night_temp_10": 0.121, "longitude": 7.857, "latitude": 48.006 }, "bbox": [ 5161899.59639257658273, 1115478.230250575579703, 5161899.59639257658273, 1115478.230250575579703 ], "geometry": { "type": "Point", "coordinates": [ 5161899.59639257658273, 1115478.230250575579703 ] } },
{ "type": "Feature", "properties": { "year": 2019, "hobo_id": 10760814, "mean_temp": 4.2169250530284943, "var_temp": 19.90377994676264, "day_temp": 4.9777509433962379, "night_temp": 4.0989120998371984, "day_temp_90": 11.139, "night_temp_10": -1.001, "longitude": 7.85153, "latitude": 48.01164 }, "bbox": [ 5162777.266824621707201, 1114795.936347231268883, 5162777.266824621707201, 1114795.936347231268883 ], "geometry": { "type": "Point", "coordinates": [ 5162777.266824621707201, 1114795.936347231268883 ] } },
{ "type": "Feature", "properties": { "year": 2019, "hobo_id": 10350043, "mean_temp": 4.6801683673468943, "var_temp": 26.618606341269004, "day_temp": 8.842271816881242, "night_temp": 3.8107947662452029, "day_temp_90": 19.187, "night_temp_10": -1.114, "longitude": 7.815046, "latitude": 47.996246 }, "bbox": [ 5161184.91306675132364, 1109418.242473009973764, 5161184.91306675132364, 1109418.242473009973764 ], "geometry": { "type": "Point", "coordinates": [ 5161184.91306675132364, 1109418.242473009973764 ] } },
{ "type": "Feature", "properties": { "year": 2019, "hobo_id": 10350057, "mean_temp": 5.4568085707557188, "var_temp": 31.407362117609011, "day_temp": 7.1564650306748243, "night_temp": 5.0520764723117271, "day_temp_90": 15.282, "night_temp_10": -0.662, "longitude": 7.833801, "latitude": 47.995584 }, "bbox": [ 5160799.5969253256917, 1112049.006047559436411, 5160799.5969253256917, 1112049.006047559436411 ], "geometry": { "type": "Point", "coordinates": [ 5160799.5969253256917, 1112049.006047559436411 ] } },
{ "type": "Feature", "properties": { "year": 2019, "hobo_id": 10350081, "mean_temp": 4.6388353744700384, "var_temp": 15.833833890206545, "day_temp": 5.3829856115107999, "night_temp": 4.5221542451542147, "day_temp_90": 11.431, "night_temp_10": -0.102, "longitude": 7.836256, "latitude": 47.984457 }, "bbox": [ 5159198.934475940652192, 1112221.536572634242475, 5159198.934475940652192, 1112221.536572634242475 ], "geometry": { "type": "Point", "coordinates": [ 5159198.934475940652192, 1112221.536572634242475 ] } },
{ "type": "Feature", "properties": { "year": 2019, "hobo_id": 10349993, "mean_temp": 4.9295639097743855, "var_temp": 20.710535008505765, "day_temp": 5.450826771653535, "night_temp": 4.7579345822182484, "day_temp_90": 11.334, "night_temp_10": -0.213, "longitude": 7.852334, "latitude": 48.016606 }, "bbox": [ 5163462.122513633221388, 1114986.696376591688022, 5163462.122513633221388, 1114986.696376591688022 ], "geometry": { "type": "Point", "coordinates": [ 5163462.122513633221388, 1114986.696376591688022 ] } },
{ "type": "Feature", "properties": { "year": 2019, "hobo_id": 10350007, "mean_temp": 4.6902518256772243, "var_temp": 13.630876983929847, "day_temp": 4.9599992107340016, "night_temp": 4.5754869039623687, "day_temp_90": 10.651, "night_temp_10": 0.453, "longitude": 7.83545, "latitude": 47.99809 }, "bbox": [ 5161125.762111184187233, 1112320.21732551464811, 5161125.762111184187233, 1112320.21732551464811 ], "geometry": { "type": "Point", "coordinates": [ 5161125.762111184187233, 1112320.21732551464811 ] } },
{ "type": "Feature", "properties": { "year": 2019, "hobo_id": 10801132, "mean_temp": 4.5564761904761504, "var_temp": 14.005761835178198, "day_temp": 5.5225952380952386, "night_temp": 4.3540041310933573, "day_temp_90": 11.139, "night_temp_10": 0.121, "longitude": 7.853889, "latitude": 48.012222 }, "bbox": [ 5162822.072256192564964, 1115137.255615215282887, 5162822.072256192564964, 1115137.255615215282887 ], "geometry": { "type": "Point", "coordinates": [ 5162822.072256192564964, 1115137.255615215282887 ] } },
{ "type": "Feature", "properties": { "year": 2019, "hobo_id": 10350010, "mean_temp": 6.8208201506591415, "var_temp": 48.192428230891238, "day_temp": 6.5522102189780966, "night_temp": 6.8736841661987507, "day_temp_90": 11.916, "night_temp_10": -0.887, "longitude": 7.904306, "latitude": 47.986362 }, "bbox": [ 5158400.120360603556037, 1121831.315803062869236, 5158400.120360603556037, 1121831.315803062869236 ], "geometry": { "type": "Point", "coordinates": [ 5158400.120360603556037, 1121831.315803062869236 ] } },
{ "type": "Feature", "properties": { "year": 2019, "hobo_id": 10350062, "mean_temp": 3.6829512252591852, "var_temp": 16.187029843248546, "day_temp": 4.4332904328018232, "night_temp": 3.4872299465240668, "day_temp_90": 10.748, "night_temp_10": -1.001, "longitude": 7.831752, "latitude": 48.010405 }, "bbox": [ 5162913.002393293194473, 1111991.154368722578511, 5162913.002393293194473, 1111991.154368722578511 ], "geometry": { "type": "Point", "coordinates": [ 5162913.002393293194473, 1111991.154368722578511 ] } },
{ "type": "Feature", "properties": { "year": 2019, "hobo_id": 10760706, "mean_temp": 7.4967219604146518, "var_temp": 56.487733712447223, "day_temp": 5.9258701472556945, "night_temp": 7.8320602064219713, "day_temp_90": 11.528, "night_temp_10": -0.549, "longitude": 7.868, "latitude": 48.0402 }, "bbox": [ 5166530.555309906601906, 1117562.432286622468382, 5166530.555309906601906, 1117562.432286622468382 ], "geometry": { "type": "Point", "coordinates": [ 5166530.555309906601906, 1117562.432286622468382 ] } },
{ "type": "Feature", "properties": { "year": 2019, "hobo_id": 10347370, "mean_temp": 4.0083939679547287, "var_temp": 15.278191857950873, "day_temp": 4.5374591611478881, "night_temp": 3.7591740034662156, "day_temp_90": 10.259, "night_temp_10": -0.662, "longitude": 7.837758, "latitude": 48.00113 }, "bbox": [ 5161516.625471501611173, 1112692.565981235355139, 5161516.625471501611173, 1112692.565981235355139 ], "geometry": { "type": "Point", "coordinates": [ 5161516.625471501611173, 1112692.565981235355139 ] } },
{ "type": "Feature", "properties": { "year": 2019, "hobo_id": 10088310, "mean_temp": 4.0584663053722574, "var_temp": 14.887908725944278, "day_temp": 4.9666793478260836, "night_temp": 3.738930232558126, "day_temp_90": 10.357, "night_temp_10": -0.662, "longitude": 7.806718, "latitude": 48.014622 }, "bbox": [ 5163895.64289315789938, 1108530.624112685443833, 5163895.64289315789938, 1108530.624112685443833 ], "geometry": { "type": "Point", "coordinates": [ 5163895.64289315789938, 1108530.624112685443833 ] } },
{ "type": "Feature", "properties": { "year": 2019, "hobo_id": 10347315, "mean_temp": 4.3797626679235773, "var_temp": 20.415560089110475, "day_temp": 5.0118923076923032, "night_temp": 4.1743102155576359, "day_temp_90": 10.846, "night_temp_10": -0.437, "longitude": 7.856484, "latitude": 47.991654 }, "bbox": [ 5159893.337246868759394, 1115181.657177549786866, 5159893.337246868759394, 1115181.657177549786866 ], "geometry": { "type": "Point", "coordinates": [ 5159893.337246868759394, 1115181.657177549786866 ] } },
{ "type": "Feature", "properties": { "year": 2019, "hobo_id": 10760710, "mean_temp": 5.6363518605746101, "var_temp": 13.55161079677745, "day_temp": 6.8161006896551584, "night_temp": 5.3934328315819107, "day_temp_90": 11.819, "night_temp_10": 1.112, "longitude": 7.811149, "latitude": 48.011325 }, "bbox": [ 5163363.502929927781224, 1109103.565679601626471, 5163363.502929927781224, 1109103.565679601626471 ], "geometry": { "type": "Point", "coordinates": [ 5163363.502929927781224, 1109103.565679601626471 ] } },
{ "type": "Feature", "properties": { "year": 2019, "hobo_id": 10801134, "mean_temp": 4.8790023551576915, "var_temp": 32.173181177850694, "day_temp": 3.8998785890073817, "night_temp": 5.2733042616451842, "day_temp_90": 9.373, "night_temp_10": -0.549, "longitude": 7.846786, "latitude": 48.004077 }, "bbox": [ 5161789.385093865916133, 1114009.847046259557828, 5161789.385093865916133, 1114009.847046259557828 ], "geometry": { "type": "Point", "coordinates": [ 5161789.385093865916133, 1114009.847046259557828 ] } },
{ "type": "Feature", "properties": { "year": 2019, "hobo_id": 10347377, "mean_temp": 4.2257658421672319, "var_temp": 15.514893945157187, "day_temp": 4.9439351639969331, "night_temp": 3.904866053169727, "day_temp_90": 10.357, "night_temp_10": -0.549, "longitude": 7.83692, "latitude": 47.98549 }, "bbox": [ 5159333.607785139232874, 1112331.09593787486665, 5159333.607785139232874, 1112331.09593787486665 ], "geometry": { "type": "Point", "coordinates": [ 5159333.607785139232874, 1112331.09593787486665 ] } },
{ "type": "Feature", "properties": { "year": 2019, "hobo_id": 10610853, "mean_temp": 5.1689309613571428, "var_temp": 18.909826933483615, "day_temp": 5.3659053061224133, "night_temp": 5.0890059622391535, "day_temp_90": 10.161, "night_temp_10": 0.453, "longitude": 7.84945, "latitude": 47.986594 }, "bbox": [ 5159292.931482691317797, 1114112.411664932500571, 5159292.931482691317797, 1114112.411664932500571 ], "geometry": { "type": "Point", "coordinates": [ 5159292.931482691317797, 1114112.411664932500571 ] } },
{ "type": "Feature", "properties": { "year": 2019, "hobo_id": 10760810, "mean_temp": 4.303971064023667, "var_temp": 14.625366261012971, "day_temp": 4.9635639097744457, "night_temp": 4.2286367295597511, "day_temp_90": 11.139, "night_temp_10": -0.325, "longitude": 7.853889, "latitude": 48.012222 }, "bbox": [ 5162822.072256192564964, 1115137.255615215282887, 5162822.072256192564964, 1115137.255615215282887 ], "geometry": { "type": "Point", "coordinates": [ 5162822.072256192564964, 1115137.255615215282887 ] } },
{ "type": "Feature", "properties": { "year": 2019, "hobo_id": 10760823, "mean_temp": 3.361653393025406, "var_temp": 18.825511245142813, "day_temp": 5.7666445993031425, "night_temp": 2.7411420100800381, "day_temp_90": 14.325, "night_temp_10": -1.456, "longitude": 7.856944, "latitude": 47.942222 }, "bbox": [ 5152948.315945019945502, 1114476.07516064029187, 5152948.315945019945502, 1114476.07516064029187 ], "geometry": { "type": "Point", "coordinates": [ 5152948.315945019945502, 1114476.07516064029187 ] } },
{ "type": "Feature", "properties": { "year": 2019, "hobo_id": 10347325, "mean_temp": 4.9719102684879344, "var_temp": 12.776872211734338, "day_temp": 5.6175613415710224, "night_temp": 4.7369206553164256, "day_temp_90": 10.944, "night_temp_10": 0.674, "longitude": 7.852197, "latitude": 47.994491 }, "bbox": [ 5160358.721335902810097, 1114622.300707739312202, 5160358.721335902810097, 1114622.300707739312202 ], "geometry": { "type": "Point", "coordinates": [ 5160358.721335902810097, 1114622.300707739312202 ] } },
{ "type": "Feature", "properties": { "year": 2019, "hobo_id": 10350049, "mean_temp": 4.6247970775394514, "var_temp": 19.074200924630787, "day_temp": 4.9708614020950543, "night_temp": 4.4817371752164963, "day_temp_90": 10.357, "night_temp_10": -0.213, "longitude": 7.828954, "latitude": 47.973588 }, "bbox": [ 5157786.853442130610347, 1111024.552361239446327, 5157786.853442130610347, 1111024.552361239446327 ], "geometry": { "type": "Point", "coordinates": [ 5157786.853442130610347, 1111024.552361239446327 ] } },
{ "type": "Feature", "properties": { "year": 2019, "hobo_id": 10347312, "mean_temp": 5.0576404335532201, "var_temp": 19.436353755197178, "day_temp": 6.4174037267080548, "night_temp": 4.5589055555555706, "day_temp_90": 12.013, "night_temp_10": -0.325, "longitude": 7.8467583, "latitude": 47.9938544 }, "bbox": [ 5160354.371480198577046, 1113846.581555255223066, 5160354.371480198577046, 1113846.581555255223066 ], "geometry": { "type": "Point", "coordinates": [ 5160354.371480198577046, 1113846.581555255223066 ] } },
{ "type": "Feature", "properties": { "year": 2019, "hobo_id": 10347334, "mean_temp": 3.9743413427561576, "var_temp": 16.686034553815766, "day_temp": 5.0776679611650488, "night_temp": 3.8217347814427307, "day_temp_90": 11.236, "night_temp_10": -0.887, "longitude": 7.832835, "latitude": 47.995941 }, "bbox": [ 5160864.802438485436141, 1111918.534671200439334, 5160864.802438485436141, 1111918.534671200439334 ], "geometry": { "type": "Point", "coordinates": [ 5160864.802438485436141, 1111918.534671200439334 ] } },
{ "type": "Feature", "properties": { "year": 2019, "hobo_id": 10350099, "mean_temp": 4.7304760895170448, "var_temp": 13.741249490297575, "day_temp": 5.5430524475524532, "night_temp": 4.6033160054719398, "day_temp_90": 11.139, "night_temp_10": 0.343, "longitude": 7.855889, "latitude": 48.020444 }, "bbox": [ 5163945.489034470170736, 1115547.356535419356078, 5163945.489034470170736, 1115547.356535419356078 ], "geometry": { "type": "Point", "coordinates": [ 5163945.489034470170736, 1115547.356535419356078 ] } },
{ "type": "Feature", "properties": { "year": 2019, "hobo_id": 10350042, "mean_temp": 4.6599733741752623, "var_temp": 21.567915126087946, "day_temp": 7.4670406290956546, "night_temp": 4.0297859406510641, "day_temp_90": 15.378, "night_temp_10": -0.662, "longitude": 7.8096465, "latitude": 47.988411 }, "bbox": [ 5160168.64683502074331, 1108536.306281414814293, 5160168.64683502074331, 1108536.306281414814293 ], "geometry": { "type": "Point", "coordinates": [ 5160168.64683502074331, 1108536.306281414814293 ] } },
{ "type": "Feature", "properties": { "year": 2019, "hobo_id": 10760821, "mean_temp": 2.3021802544769017, "var_temp": 16.896966708721543, "day_temp": 3.7718288659793879, "night_temp": 2.0937130225080365, "day_temp_90": 9.472, "night_temp_10": -2.61, "longitude": 7.5125, "latitude": 47.942 }, "bbox": [ 5158179.238981315866113, 1065983.155272313626483, 5158179.238981315866113, 1065983.155272313626483 ], "geometry": { "type": "Point", "coordinates": [ 5158179.238981315866113, 1065983.155272313626483 ] } },
{ "type": "Feature", "properties": { "year": 2020, "hobo_id": 10347392, "mean_temp": 6.625550255536572, "var_temp": 25.579656235616241, "day_temp": 6.5389349258648979, "night_temp": 6.6711096187174892, "day_temp_90": 12.11, "night_temp_10": 0.01, "longitude": 7.8544, "latitude": 48.0038 }, "bbox": [ 5161631.368972182273865, 1115077.748644284671172, 5161631.368972182273865, 1115077.748644284671172 ], "geometry": { "type": "Point", "coordinates": [ 5161631.368972182273865, 1115077.748644284671172 ] } },
{ "type": "Feature", "properties": { "year": 2020, "hobo_id": 10760763, "mean_temp": 7.8576985892566666, "var_temp": 20.704757956073937, "day_temp": 8.0518549019607928, "night_temp": 7.8068497090037789, "day_temp_90": 13.461, "night_temp_10": 2.088, "longitude": 7.8192, "latitude": 47.9772 }, "bbox": [ 5158445.833491487428546, 1109707.472329191397876, 5158445.833491487428546, 1109707.472329191397876 ], "geometry": { "type": "Point", "coordinates": [ 5158445.833491487428546, 1109707.472329191397876 ] } },
{ "type": "Feature", "properties": { "year": 2020, "hobo_id": 10350090, "mean_temp": 6.6789778597785414, "var_temp": 23.598388817794781, "day_temp": 7.7755283742331054, "night_temp": 6.0345876520955146, "day_temp_90": 13.942, "night_temp_10": -0.213, "longitude": 7.8546, "latitude": 47.9895 }, "bbox": [ 5159620.396501771174371, 1114882.797564059495926, 5159620.396501771174371, 1114882.797564059495926 ], "geometry": { "type": "Point", "coordinates": [ 5159620.396501771174371, 1114882.797564059495926 ] } },
{ "type": "Feature", "properties": { "year": 2020, "hobo_id": 10350084, "mean_temp": 6.4540746099290098, "var_temp": 18.454244338642958, "day_temp": 7.221112089671708, "night_temp": 6.0331476274164819, "day_temp_90": 12.594, "night_temp_10": 0.01, "longitude": 7.8599, "latitude": 48.0137 }, "bbox": [ 5162935.483781646005809, 1116006.911478755064309, 5162935.483781646005809, 1116006.911478755064309 ], "geometry": { "type": "Point", "coordinates": [ 5162935.483781646005809, 1116006.911478755064309 ] } },
{ "type": "Feature", "properties": { "year": 2020, "hobo_id": 10350007, "mean_temp": 5.7557466628798295, "var_temp": 26.903204332392978, "day_temp": 6.1743220858895853, "night_temp": 5.5095480378890036, "day_temp_90": 11.819, "night_temp_10": -1.114, "longitude": 7.8922, "latitude": 47.9799 }, "bbox": [ 5157683.495673761703074, 1120025.954957213019952, 5157683.495673761703074, 1120025.954957213019952 ], "geometry": { "type": "Point", "coordinates": [ 5157683.495673761703074, 1120025.954957213019952 ] } },
{ "type": "Feature", "properties": { "year": 2020, "hobo_id": 10350099, "mean_temp": 6.9027064168085666, "var_temp": 24.260700578368521, "day_temp": 8.1521612184249452, "night_temp": 6.1298359374999647, "day_temp_90": 14.613, "night_temp_10": -0.102, "longitude": 7.834, "latitude": 47.9925 }, "bbox": [ 5160363.437525439076126, 1112029.036141513381153, 5160363.437525439076126, 1112029.036141513381153 ], "geometry": { "type": "Point", "coordinates": [ 5160363.437525439076126, 1112029.036141513381153 ] } },
{ "type": "Feature", "properties": { "year": 2020, "hobo_id": 10350083, "mean_temp": 8.2123731894347429, "var_temp": 13.197584555576471, "day_temp": 8.3776347352024896, "night_temp": 8.1175158694679901, "day_temp_90": 12.883, "night_temp_10": 2.943, "longitude": 7.8297, "latitude": 47.9944 }, "bbox": [ 5160697.31716095097363, 1111453.107977466890588, 5160697.31716095097363, 1111453.107977466890588 ], "geometry": { "type": "Point", "coordinates": [ 5160697.31716095097363, 1111453.107977466890588 ] } },
{ "type": "Feature", "properties": { "year": 2020, "hobo_id": 10350070, "mean_temp": 6.4285092303322386, "var_temp": 29.981964792031249, "day_temp": 8.8697912973408286, "night_temp": 5.0997236842105167, "day_temp_90": 17.665, "night_temp_10": -1.114, "longitude": 7.8075, "latitude": 48.0106 }, "bbox": [ 5163318.477964332327247, 1108578.333134931745008, 5163318.477964332327247, 1108578.333134931745008 ], "geometry": { "type": "Point", "coordinates": [ 5163318.477964332327247, 1108578.333134931745008 ] } },
{ "type": "Feature", "properties": { "year": 2020, "hobo_id": 10350051, "mean_temp": 8.4429699290779361, "var_temp": 32.806738757892184, "day_temp": 8.3748987034035434, "night_temp": 8.4796350938454648, "day_temp_90": 13.365, "night_temp_10": 1.656, "longitude": 7.812, "latitude": 48.048 }, "bbox": [ 5168503.21856171451509, 1109793.631665023276582, 5168503.21856171451509, 1109793.631665023276582 ], "geometry": { "type": "Point", "coordinates": [ 5168503.21856171451509, 1109793.631665023276582 ] } },
{ "type": "Feature", "properties": { "year": 2020, "hobo_id": 10347359, "mean_temp": 6.0464706049417449, "var_temp": 19.80297080659312, "day_temp": 7.1143891708967706, "night_temp": 5.5068041898246785, "day_temp_90": 13.076, "night_temp_10": -0.887, "longitude": 7.8204, "latitude": 48.0031 }, "bbox": [ 5162064.103238855488598, 1110278.717095482861623, 5162064.103238855488598, 1110278.717095482861623 ], "geometry": { "type": "Point", "coordinates": [ 5162064.103238855488598, 1110278.717095482861623 ] } },
{ "type": "Feature", "properties": { "year": 2020, "hobo_id": 10350033, "mean_temp": 5.2046, "var_temp": 22.036406302497092, "day_temp": 6.4074284632853837, "night_temp": 4.4836669691469488, "day_temp_90": 12.594, "night_temp_10": -1.914, "longitude": 7.9043, "latitude": 48.0649 }, "bbox": [ 5169428.878257135860622, 1123064.986551815876737, 5169428.878257135860622, 1123064.986551815876737 ], "geometry": { "type": "Point", "coordinates": [ 5169428.878257135860622, 1123064.986551815876737 ] } },
{ "type": "Feature", "properties": { "year": 2020, "hobo_id": 10350009, "mean_temp": 6.9937932405566094, "var_temp": 16.817049278261134, "day_temp": 7.2464529780564195, "night_temp": 6.8501879732739228, "day_temp_90": 12.594, "night_temp_10": 0.563, "longitude": 7.8372, "latitude": 47.998 }, "bbox": [ 5161085.801901333965361, 1112565.246876916848123, 5161085.801901333965361, 1112565.246876916848123 ], "geometry": { "type": "Point", "coordinates": [ 5161085.801901333965361, 1112565.246876916848123 ] } },
{ "type": "Feature", "properties": { "year": 2020, "hobo_id": 10347391, "mean_temp": 6.6415813227362603, "var_temp": 12.41350549842443, "day_temp": 6.6519195205479527, "night_temp": 6.636453927813184, "day_temp_90": 11.625, "night_temp_10": 1.221, "longitude": 7.8507, "latitude": 47.9987 }, "bbox": [ 5160973.124683735892177, 1114477.156192865455523, 5160973.124683735892177, 1114477.156192865455523 ], "geometry": { "type": "Point", "coordinates": [ 5160973.124683735892177, 1114477.156192865455523 ] } },
{ "type": "Feature", "properties": { "year": 2020, "hobo_id": 10347342, "mean_temp": 18.42242537313432, "var_temp": 7.0069924775560448, "day_temp": 15.3014375, "night_temp": 18.620583333333325, "day_temp_90": 20.234, "night_temp_10": 17.189, "longitude": 7.8562, "latitude": 47.9892 }, "bbox": [ 5159553.250006011687219, 1115103.386779326014221, 5159553.250006011687219, 1115103.386779326014221 ], "geometry": { "type": "Point", "coordinates": [ 5159553.250006011687219, 1115103.386779326014221 ] } },
{ "type": "Feature", "properties": { "year": 2020, "hobo_id": 10760815, "mean_temp": 9.7363225531914921, "var_temp": 49.228475964885682, "day_temp": 11.171650793650786, "night_temp": 8.998312285223351, "day_temp_90": 23.004, "night_temp_10": 1.439, "longitude": 7.8573, "latitude": 48.0139 }, "bbox": [ 5163004.307440615259111, 1115643.858057236531749, 5163004.307440615259111, 1115643.858057236531749 ], "geometry": { "type": "Point", "coordinates": [ 5163004.307440615259111, 1115643.858057236531749 ] } },
{ "type": "Feature", "properties": { "year": 2020, "hobo_id": 10760820, "mean_temp": 6.7071643485665398, "var_temp": 15.304894387235096, "day_temp": 7.3673213429256368, "night_temp": 6.3436712147887064, "day_temp_90": 12.98, "night_temp_10": 0.784, "longitude": 7.8415, "latitude": 47.9894 }, "bbox": [ 5159811.090389193966985, 1113036.807495545828715, 5159811.090389193966985, 1113036.807495545828715 ], "geometry": { "type": "Point", "coordinates": [ 5159811.090389193966985, 1113036.807495545828715 ] } },
{ "type": "Feature", "properties": { "year": 2020, "hobo_id": 10350048, "mean_temp": 6.7852430437251501, "var_temp": 28.937253740969709, "day_temp": 9.24292, "night_temp": 5.3030300409649076, "day_temp_90": 18.236, "night_temp_10": -0.774, "longitude": 7.8885, "latitude": 47.9852 }, "bbox": [ 5158485.481521597132087, 1119588.117050143890083, 5158485.481521597132087, 1119588.117050143890083 ], "geometry": { "type": "Point", "coordinates": [ 5158485.481521597132087, 1119588.117050143890083 ] } },
{ "type": "Feature", "properties": { "year": 2020, "hobo_id": 10350086, "mean_temp": 6.6235366269164535, "var_temp": 16.897765108144057, "day_temp": 6.5257351738241143, "night_temp": 6.6611348270440018, "day_temp_90": 11.431, "night_temp_10": 0.893, "longitude": 7.8717, "latitude": 47.9907 }, "bbox": [ 5159521.109006614424288, 1117309.060250340029597, 5159521.109006614424288, 1117309.060250340029597 ], "geometry": { "type": "Point", "coordinates": [ 5159521.109006614424288, 1117309.060250340029597 ] } },
{ "type": "Feature", "properties": { "year": 2020, "hobo_id": 10347346, "mean_temp": 7.2573597387847242, "var_temp": 23.615162754107097, "day_temp": 8.1164995983935633, "night_temp": 6.7876060606060555, "day_temp_90": 14.134, "night_temp_10": 0.232, "longitude": 7.8101, "latitude": 48.0207 }, "bbox": [ 5164696.832780292257667, 1109101.434761800570413, 5164696.832780292257667, 1109101.434761800570413 ], "geometry": { "type": "Point", "coordinates": [ 5164696.832780292257667, 1109101.434761800570413 ] } },
{ "type": "Feature", "properties": { "year": 2020, "hobo_id": 10347386, "mean_temp": 6.9239088327178919, "var_temp": 15.089050982311223, "day_temp": 7.6699039792387529, "night_temp": 6.5592701902748214, "day_temp_90": 13.365, "night_temp_10": 0.893, "longitude": 7.8287, "latitude": 47.9965 }, "bbox": [ 5161007.8082719091326, 1111344.954773277044296, 5161007.8082719091326, 1111344.954773277044296 ], "geometry": { "type": "Point", "coordinates": [ 5161007.8082719091326, 1111344.954773277044296 ] } },
{ "type": "Feature", "properties": { "year": 2020, "hobo_id": 10234636, "mean_temp": 5.9457225531914739, "var_temp": 36.968435109153539, "day_temp": 6.1993080317740459, "night_temp": 5.8256086956521438, "day_temp_90": 12.11, "night_temp_10": -1.684, "longitude": 7.8045, "latitude": 48.0191 }, "bbox": [ 5164559.261026534251869, 1108287.705542303388938, 5164559.261026534251869, 1108287.705542303388938 ], "geometry": { "type": "Point", "coordinates": [ 5164559.261026534251869, 1108287.705542303388938 ] } },
{ "type": "Feature", "properties": { "year": 2020, "hobo_id": 10610853, "mean_temp": 6.1110649829738142, "var_temp": 16.804355274515711, "day_temp": 6.6942984714400344, "night_temp": 5.7932398071021405, "day_temp_90": 11.819, "night_temp_10": -0.213, "longitude": 7.8055, "latitude": 47.9797 }, "bbox": [ 5159009.901536497287452, 1107817.408944121329114, 5159009.901536497287452, 1107817.408944121329114 ], "geometry": { "type": "Point", "coordinates": [ 5159009.901536497287452, 1107817.408944121329114 ] } },
{ "type": "Feature", "properties": { "year": 2020, "hobo_id": 10347337, "mean_temp": 6.6377319148935614, "var_temp": 28.723605727485694, "day_temp": 9.2396176688938141, "night_temp": 5.0285766758493757, "day_temp_90": 17.094, "night_temp_10": -1.114, "longitude": 7.5123, "latitude": 48.046 }, "bbox": [ 5172811.147282126359642, 1067510.033477824181318, 5172811.147282126359642, 1067510.033477824181318 ], "geometry": { "type": "Point", "coordinates": [ 5172811.147282126359642, 1067510.033477824181318 ] } },
{ "type": "Feature", "properties": { "year": 2020, "hobo_id": 10801134, "mean_temp": 9.1078444948921664, "var_temp": 36.052178573597331, "day_temp": 11.863286277602494, "night_temp": 7.559129875886498, "day_temp_90": 22.429, "night_temp_10": 1.112, "longitude": 7.8483, "latitude": 48.0132 }, "bbox": [ 5163046.905238084495068, 1114365.371813937090337, 5163046.905238084495068, 1114365.371813937090337 ], "geometry": { "type": "Point", "coordinates": [ 5163046.905238084495068, 1114365.371813937090337 ] } },
{ "type": "Feature", "properties": { "year": 2020, "hobo_id": 10350056, "mean_temp": 8.9384809875141347, "var_temp": 33.461079216499108, "day_temp": 23.24075, "night_temp": 8.9059388509669528, "day_temp_90": 26.879, "night_temp_10": 1.003, "longitude": 7.8315, "latitude": 47.9926 }, "bbox": [ 5160416.482780726626515, 1111678.570085392566398, 5160416.482780726626515, 1111678.570085392566398 ], "geometry": { "type": "Point", "coordinates": [ 5160416.482780726626515, 1111678.570085392566398 ] } },
{ "type": "Feature", "properties": { "year": 2020, "hobo_id": 10350053, "mean_temp": 7.347558297872359, "var_temp": 28.651043973118632, "day_temp": 7.5005700440528518, "night_temp": 7.2748937238493383, "day_temp_90": 12.594, "night_temp_10": -0.213, "longitude": 7.8306, "latitude": 47.9972 }, "bbox": [ 5161076.470414881594479, 1111623.398209418635815, 5161076.470414881594479, 1111623.398209418635815 ], "geometry": { "type": "Point", "coordinates": [ 5161076.470414881594479, 1111623.398209418635815 ] } },
{ "type": "Feature", "properties": { "year": 2020, "hobo_id": 10350029, "mean_temp": 5.07548466757122, "var_temp": 25.974333755804494, "day_temp": 6.2909705665930842, "night_temp": 4.3653190025794979, "day_temp_90": 12.013, "night_temp_10": -1.914, "longitude": 7.8985, "latitude": 47.9814 }, "bbox": [ 5157795.024198075756431, 1120936.238864699145779, 5157795.024198075756431, 1120936.238864699145779 ], "geometry": { "type": "Point", "coordinates": [ 5157795.024198075756431, 1120936.238864699145779 ] } },
{ "type": "Feature", "properties": { "year": 2020, "hobo_id": 10132405, "mean_temp": 7.1913998863958613, "var_temp": 21.848727028681793, "day_temp": 8.316053990610305, "night_temp": 6.5506027641550935, "day_temp_90": 14.613, "night_temp_10": 0.01, "longitude": 7.8373, "latitude": 47.9979 }, "bbox": [ 5161070.198038920760155, 1112577.771505919517949, 5161070.198038920760155, 1112577.771505919517949 ], "geometry": { "type": "Point", "coordinates": [ 5161070.198038920760155, 1112577.771505919517949 ] } },
{ "type": "Feature", "properties": { "year": 2020, "hobo_id": 10350049, "mean_temp": 5.6037827938670786, "var_temp": 25.698778706855322, "day_temp": 7.5792026295436807, "night_temp": 4.4578797667115122, "day_temp_90": 14.325, "night_temp_10": -1.684, "longitude": 7.8885, "latitude": 47.9851 }, "bbox": [ 5158471.445455178618431, 1119586.551297875354066, 5158471.445455178618431, 1119586.551297875354066 ], "geometry": { "type": "Point", "coordinates": [ 5158471.445455178618431, 1119586.551297875354066 ] } },
{ "type": "Feature", "properties": { "year": 2020, "hobo_id": 10350066, "mean_temp": 5.9387487936417331, "var_temp": 23.620742518081336, "day_temp": 6.3458298407376379, "night_temp": 5.7303163090128528, "day_temp_90": 11.431, "night_temp_10": -0.102, "longitude": 7.7657, "latitude": 48.4105 }, "bbox": [ 5220306.523491737432778, 1108928.269271969329566, 5220306.523491737432778, 1108928.269271969329566 ], "geometry": { "type": "Point", "coordinates": [ 5220306.523491737432778, 1108928.269271969329566 ] } },
{ "type": "Feature", "properties": { "year": 2020, "hobo_id": 10347312, "mean_temp": 6.7648314893616623, "var_temp": 29.006616783741428, "day_temp": 6.4209456706281811, "night_temp": 6.9374337452066204, "day_temp_90": 11.722, "night_temp_10": -0.549, "longitude": 7.8307, "latitude": 47.9972 }, "bbox": [ 5161074.910322580486536, 1111637.480052165221423, 5161074.910322580486536, 1111637.480052165221423 ], "geometry": { "type": "Point", "coordinates": [ 5161074.910322580486536, 1111637.480052165221423 ] } },
{ "type": "Feature", "properties": { "year": 2020, "hobo_id": 10350043, "mean_temp": 6.270608745031204, "var_temp": 22.170584653465092, "day_temp": 6.9108158730158573, "night_temp": 5.9139946949601576, "day_temp_90": 12.594, "night_temp_10": -0.437, "longitude": 7.8629, "latitude": 47.9898 }, "bbox": [ 5159532.624557851813734, 1116056.05321532743983, 5159532.624557851813734, 1116056.05321532743983 ], "geometry": { "type": "Point", "coordinates": [ 5159532.624557851813734, 1116056.05321532743983 ] } },
{ "type": "Feature", "properties": { "year": 2020, "hobo_id": 10349994, "mean_temp": 5.4520088043169359, "var_temp": 23.14241916497922, "day_temp": 7.497232684824894, "night_temp": 4.2766453488372065, "day_temp_90": 14.134, "night_temp_10": -1.341, "longitude": 7.8048, "latitude": 48.0265 }, "bbox": [ 5165594.262662036344409, 1108444.877596270758659, 5165594.262662036344409, 1108444.877596270758659 ], "geometry": { "type": "Point", "coordinates": [ 5165594.262662036344409, 1108444.877596270758659 ] } },
{ "type": "Feature", "properties": { "year": 2020, "hobo_id": 10347364, "mean_temp": 5.1108343749999827, "var_temp": 21.034757552839107, "day_temp": 6.8959945312500022, "night_temp": 4.0907428571428497, "day_temp_90": 12.98, "night_temp_10": -1.57, "longitude": 7.8048, "latitude": 48.0265 }, "bbox": [ 5165594.262662036344409, 1108444.877596270758659, 5165594.262662036344409, 1108444.877596270758659 ], "geometry": { "type": "Point", "coordinates": [ 5165594.262662036344409, 1108444.877596270758659 ] } },
{ "type": "Feature", "properties": { "year": 2021, "hobo_id": 10350043, "mean_temp": 4.9473908192540339, "var_temp": 10.654007889303452, "day_temp": 5.6529305423406315, "night_temp": 4.591915148609762, "day_temp_90": 9.866, "night_temp_10": 0.893, "longitude": 7.8449, "latitude": 47.9914 }, "bbox": [ 5160038.793837460689247, 1113546.680407985579222, 5160038.793837460689247, 1113546.680407985579222 ], "geometry": { "type": "Point", "coordinates": [ 5160038.793837460689247, 1113546.680407985579222 ] } },
{ "type": "Feature", "properties": { "year": 2021, "hobo_id": 10350068, "mean_temp": 5.9812272872170702, "var_temp": 8.5242201284898496, "day_temp": 6.4159055276382002, "night_temp": 5.7793109243697121, "day_temp_90": 10.161, "night_temp_10": 2.303, "longitude": 7.8507, "latitude": 47.9987 }, "bbox": [ 5160973.124683735892177, 1114477.156192865455523, 5160973.124683735892177, 1114477.156192865455523 ], "geometry": { "type": "Point", "coordinates": [ 5160973.124683735892177, 1114477.156192865455523 ] } },
{ "type": "Feature", "properties": { "year": 2021, "hobo_id": 10350017, "mean_temp": 5.0488361491870961, "var_temp": 11.022794827736185, "day_temp": 5.6388159509202529, "night_temp": 4.7115781563126191, "day_temp_90": 10.063, "night_temp_10": 0.563, "longitude": 7.8342, "latitude": 47.9964 }, "bbox": [ 5160907.955274308100343, 1112117.89058128464967, 5160907.955274308100343, 1112117.89058128464967 ], "geometry": { "type": "Point", "coordinates": [ 5160907.955274308100343, 1112117.89058128464967 ] } },
{ "type": "Feature", "properties": { "year": 2021, "hobo_id": 10760810, "mean_temp": 6.8412767857142791, "var_temp": 7.9543220796650429, "day_temp": 7.3252564338235215, "night_temp": 6.5841625976562099, "day_temp_90": 11.236, "night_temp_10": 2.837, "longitude": 7.8371, "latitude": 47.9996 }, "bbox": [ 5161312.045058365911245, 1112576.078895364888012, 5161312.045058365911245, 1112576.078895364888012 ], "geometry": { "type": "Point", "coordinates": [ 5161312.045058365911245, 1112576.078895364888012 ] } },
{ "type": "Feature", "properties": { "year": 2021, "hobo_id": 10350072, "mean_temp": 4.9695630252100527, "var_temp": 30.716617347339884, "day_temp": 5.0986628392484379, "night_temp": 4.9044009483666819, "day_temp_90": 10.161, "night_temp_10": 0.563, "longitude": 7.94899, "latitude": 47.95601 }, "bbox": [ 5153437.103253856301308, 1127642.511474169325083, 5153437.103253856301308, 1127642.511474169325083 ], "geometry": { "type": "Point", "coordinates": [ 5153437.103253856301308, 1127642.511474169325083 ] } },
{ "type": "Feature", "properties": { "year": 2021, "hobo_id": 10760823, "mean_temp": 7.8890209511140732, "var_temp": 6.8339430996939878, "day_temp": 8.3604188817598697, "night_temp": 7.6205996868475552, "day_temp_90": 12.013, "night_temp_10": 4.623, "longitude": 7.8454, "latitude": 48.0021 }, "bbox": [ 5161533.430984109640121, 1113783.842392544960603, 5161533.430984109640121, 1113783.842392544960603 ], "geometry": { "type": "Point", "coordinates": [ 5161533.430984109640121, 1113783.842392544960603 ] } },
{ "type": "Feature", "properties": { "year": 2021, "hobo_id": 10088310, "mean_temp": 5.2961953473549785, "var_temp": 9.7637278008454, "day_temp": 5.9468446251129219, "night_temp": 4.9415578532742366, "day_temp_90": 10.259, "night_temp_10": 1.003, "longitude": 7.8489, "latitude": 48.0056 }, "bbox": [ 5161970.195705824531615, 1114331.30476162256673, 5161970.195705824531615, 1114331.30476162256673 ], "geometry": { "type": "Point", "coordinates": [ 5161970.195705824531615, 1114331.30476162256673 ] } },
{ "type": "Feature", "properties": { "year": 2021, "hobo_id": 10760820, "mean_temp": 6.2534695238095415, "var_temp": 27.008958190083924, "day_temp": 6.01026885880077, "night_temp": 6.3723114366729563, "day_temp_90": 10.748, "night_temp_10": 0.893, "longitude": 7.8155853, "latitude": 47.991913 }, "bbox": [ 5160568.016314858570695, 1109426.910671674879268, 5160568.016314858570695, 1109426.910671674879268 ], "geometry": { "type": "Point", "coordinates": [ 5160568.016314858570695, 1109426.910671674879268 ] } },
{ "type": "Feature", "properties": { "year": 2021, "hobo_id": 10347367, "mean_temp": 4.2069151785714141, "var_temp": 9.9740269707934477, "day_temp": 5.2066709916589504, "night_temp": 3.682492950899376, "day_temp_90": 9.373, "night_temp_10": -0.325, "longitude": 7.8464, "latitude": 47.9806 }, "bbox": [ 5158499.091572034172714, 1113589.63102660397999, 5158499.091572034172714, 1113589.63102660397999 ], "geometry": { "type": "Point", "coordinates": [ 5158499.091572034172714, 1113589.63102660397999 ] } },
{ "type": "Feature", "properties": { "year": 2021, "hobo_id": 10350028, "mean_temp": 4.3318683035714294, "var_temp": 12.273759660162463, "day_temp": 5.5461661474558683, "night_temp": 3.7937326277036294, "day_temp_90": 10.259, "night_temp_10": -0.549, "longitude": 7.8209, "latitude": 47.9769 }, "bbox": [ 5158377.253592315129936, 1109942.150083970511332, 5158377.253592315129936, 1109942.150083970511332 ], "geometry": { "type": "Point", "coordinates": [ 5158377.253592315129936, 1109942.150083970511332 ] } },
{ "type": "Feature", "properties": { "year": 2021, "hobo_id": 10350075, "mean_temp": 5.1007954144620546, "var_temp": 9.2923194824772004, "day_temp": 5.9627730769230789, "night_temp": 4.6013766016713094, "day_temp_90": 10.748, "night_temp_10": 0.784, "longitude": 7.845, "latitude": 47.9929 }, "bbox": [ 5160247.842650957405567, 1113584.13185834675096, 5160247.842650957405567, 1113584.13185834675096 ], "geometry": { "type": "Point", "coordinates": [ 5160247.842650957405567, 1113584.13185834675096 ] } },
{ "type": "Feature", "properties": { "year": 2021, "hobo_id": 10349994, "mean_temp": 6.4804297099139152, "var_temp": 8.1916646743466455, "day_temp": 7.1907530176415984, "night_temp": 6.1090616504854127, "day_temp_90": 10.748, "night_temp_10": 2.517, "longitude": 7.8362, "latitude": 47.9847 }, "bbox": [ 5159233.925385339185596, 1112217.432925493689254, 5159233.925385339185596, 1112217.432925493689254 ], "geometry": { "type": "Point", "coordinates": [ 5159233.925385339185596, 1112217.432925493689254 ] } },
{ "type": "Feature", "properties": { "year": 2021, "hobo_id": 10347325, "mean_temp": 5.1003427933673144, "var_temp": 10.87848763716017, "day_temp": 5.8432065313327408, "night_temp": 4.6801407888167592, "day_temp_90": 10.357, "night_temp_10": 0.563, "longitude": 7.8669, "latitude": 47.9891 }, "bbox": [ 5159371.709388909861445, 1116608.277928971452639, 5159371.709388909861445, 1116608.277928971452639 ], "geometry": { "type": "Point", "coordinates": [ 5159371.709388909861445, 1116608.277928971452639 ] } },
{ "type": "Feature", "properties": { "year": 2021, "hobo_id": 10350049, "mean_temp": 4.368146045918369, "var_temp": 10.287018729540977, "day_temp": 5.269996402877708, "night_temp": 3.8726630434782532, "day_temp_90": 9.472, "night_temp_10": -0.213, "longitude": 7.8129, "latitude": 47.9997 }, "bbox": [ 5161703.412663909606636, 1109169.657083630561829, 5161703.412663909606636, 1109169.657083630561829 ], "geometry": { "type": "Point", "coordinates": [ 5161703.412663909606636, 1109169.657083630561829 ] } },
{ "type": "Feature", "properties": { "year": 2021, "hobo_id": 10347394, "mean_temp": 5.6442547138603816, "var_temp": 9.7755739152449639, "day_temp": 6.6555976168652631, "night_temp": 5.0731495859213034, "day_temp_90": 11.139, "night_temp_10": 1.439, "longitude": 7.836, "latitude": 47.9846 }, "bbox": [ 5159223.005717140622437, 1112187.718614876735955, 5159223.005717140622437, 1112187.718614876735955 ], "geometry": { "type": "Point", "coordinates": [ 5159223.005717140622437, 1112187.718614876735955 ] } },
{ "type": "Feature", "properties": { "year": 2021, "hobo_id": 10347318, "mean_temp": 6.6597009523809412, "var_temp": 13.686117570751717, "day_temp": 8.1166738197424877, "night_temp": 5.8046010075566654, "day_temp_90": 13.654, "night_temp_10": 1.98, "longitude": 7.836, "latitude": 47.9849 }, "bbox": [ 5159265.12586579285562, 1112192.386076372349635, 5159265.12586579285562, 1112192.386076372349635 ], "geometry": { "type": "Point", "coordinates": [ 5159265.12586579285562, 1112192.386076372349635 ] } },
{ "type": "Feature", "properties": { "year": 2021, "hobo_id": 10760763, "mean_temp": 5.9216256377550849, "var_temp": 15.99819605629942, "day_temp": 6.8684677137870844, "night_temp": 5.3763587939697937, "day_temp_90": 11.625, "night_temp_10": 1.439, "longitude": 7.8649, "latitude": 48.0291 }, "bbox": [ 5165019.995104123838246, 1116951.962411811342463, 5165019.995104123838246, 1116951.962411811342463 ], "geometry": { "type": "Point", "coordinates": [ 5165019.995104123838246, 1116951.962411811342463 ] } },
{ "type": "Feature", "properties": { "year": 2021, "hobo_id": 10350090, "mean_temp": 10.363105867347002, "var_temp": 37.65676841685859, "day_temp": 10.183398821218043, "night_temp": 10.449480642115279, "day_temp_90": 21.473, "night_temp_10": 4.207, "longitude": 7.8342, "latitude": 47.9957 }, "bbox": [ 5160809.659068640321493, 1112106.996136207599193, 5160809.659068640321493, 1112106.996136207599193 ], "geometry": { "type": "Point", "coordinates": [ 5160809.659068640321493, 1112106.996136207599193 ] } },
{ "type": "Feature", "properties": { "year": 2021, "hobo_id": 10350101, "mean_temp": 5.4701679948995601, "var_temp": 10.941561239306958, "day_temp": 6.3650632235084634, "night_temp": 4.9711772591856924, "day_temp_90": 10.748, "night_temp_10": 0.784, "longitude": 7.83778, "latitude": 47.99799 }, "bbox": [ 5161075.341105858795345, 1112646.76501553459093, 5161075.341105858795345, 1112646.76501553459093 ], "geometry": { "type": "Point", "coordinates": [ 5161075.341105858795345, 1112646.76501553459093 ] } },
{ "type": "Feature", "properties": { "year": 2021, "hobo_id": 10760710, "mean_temp": 6.0693276043493389, "var_temp": 18.868053217550013, "day_temp": 6.5461464393179511, "night_temp": 5.8129153182308411, "day_temp_90": 10.846, "night_temp_10": 2.088, "longitude": 7.8277, "latitude": 48.0056 }, "bbox": [ 5162301.385865706019104, 1111345.687679629772902, 5162301.385865706019104, 1111345.687679629772902 ], "geometry": { "type": "Point", "coordinates": [ 5162301.385865706019104, 1111345.687679629772902 ] } },
{ "type": "Feature", "properties": { "year": 2021, "hobo_id": 10801134, "mean_temp": 5.9363228571428355, "var_temp": 16.503931217102078, "day_temp": 7.7629613733905689, "night_temp": 4.8642654911838719, "day_temp_90": 13.076, "night_temp_10": 1.003, "longitude": 7.8185, "latitude": 47.9891 }, "bbox": [ 5160127.617791221477091, 1109793.65734450891614, 5160127.617791221477091, 1109793.65734450891614 ], "geometry": { "type": "Point", "coordinates": [ 5160127.617791221477091, 1109793.65734450891614 ] } },
{ "type": "Feature", "properties": { "year": 2021, "hobo_id": 10347377, "mean_temp": 6.1336313574184356, "var_temp": 21.491658173177761, "day_temp": 6.5899736842105323, "night_temp": 5.8916205045625247, "day_temp_90": 11.334, "night_temp_10": 1.221, "longitude": 7.8551, "latitude": 48.0095 }, "bbox": [ 5162420.845914200879633, 1115265.306342082563788, 5162420.845914200879633, 1115265.306342082563788 ], "geometry": { "type": "Point", "coordinates": [ 5162420.845914200879633, 1115265.306342082563788 ] } },
{ "type": "Feature", "properties": { "year": 2021, "hobo_id": 10350070, "mean_temp": 4.7453720190778848, "var_temp": 10.165382912448358, "day_temp": 5.8669261511728905, "night_temp": 4.0979754262788255, "day_temp_90": 10.161, "night_temp_10": 0.01, "longitude": 7.8253, "latitude": 48.0052 }, "bbox": [ 5162282.645328388549387, 1111001.459544362965971, 5162282.645328388549387, 1111001.459544362965971 ], "geometry": { "type": "Point", "coordinates": [ 5162282.645328388549387, 1111001.459544362965971 ] } },
{ "type": "Feature", "properties": { "year": 2022, "hobo_id": 10350002, "mean_temp": 5.059509438253321, "var_temp": 27.762634154426355, "day_temp": 6.0280365384615564, "night_temp": 4.5269390200916444, "day_temp_90": 13.365, "night_temp_10": -2.145, "longitude": 7.7764, "latitude": 48.0057 }, "bbox": [ 5163113.258562570437789, 1104121.80425200657919, 5163113.258562570437789, 1104121.80425200657919 ], "geometry": { "type": "Point", "coordinates": [ 5163113.258562570437789, 1104121.80425200657919 ] } },
{ "type": "Feature", "properties": { "year": 2022, "hobo_id": 10234637, "mean_temp": 6.2235401775551766, "var_temp": 24.893804064016141, "day_temp": 6.6741423330887786, "night_temp": 6.0208435643564266, "day_temp_90": 13.942, "night_temp_10": 0.121, "longitude": 7.9019, "latitude": 47.9807 }, "bbox": [ 5157643.326471635140479, 1121403.842365819262341, 5157643.326471635140479, 1121403.842365819262341 ], "geometry": { "type": "Point", "coordinates": [ 5157643.326471635140479, 1121403.842365819262341 ] } },
{ "type": "Feature", "properties": { "year": 2022, "hobo_id": 10350049, "mean_temp": 6.7731183850364918, "var_temp": 30.714795726114161, "day_temp": 7.5108924731182851, "night_temp": 6.356985372814842, "day_temp_90": 15.091, "night_temp_10": 0.121, "longitude": 7.8175, "latitude": 48.0078 }, "bbox": [ 5162769.426033152267337, 1109943.330862872535363, 5162769.426033152267337, 1109943.330862872535363 ], "geometry": { "type": "Point", "coordinates": [ 5162769.426033152267337, 1109943.330862872535363 ] } },
{ "type": "Feature", "properties": { "year": 2022, "hobo_id": 10350005, "mean_temp": 6.5029861237488449, "var_temp": 20.798180962492275, "day_temp": 7.0226161309884798, "night_temp": 6.1910567892245991, "day_temp_90": 13.365, "night_temp_10": 0.784, "longitude": 7.8131, "latitude": 47.995 }, "bbox": [ 5161040.222240004688501, 1109124.857392281992361, 5161040.222240004688501, 1109124.857392281992361 ], "geometry": { "type": "Point", "coordinates": [ 5161040.222240004688501, 1109124.857392281992361 ] } },
{ "type": "Feature", "properties": { "year": 2022, "hobo_id": 10610854, "mean_temp": 8.9509019839394668, "var_temp": 25.385047495942192, "day_temp": 8.9832183994016468, "night_temp": 8.9359875733517509, "day_temp_90": 16.237, "night_temp_10": 2.837, "longitude": 7.8455, "latitude": 48.002 }, "bbox": [ 5161517.825082468800247, 1113796.365578548982739, 5161517.825082468800247, 1113796.365578548982739 ], "geometry": { "type": "Point", "coordinates": [ 5161517.825082468800247, 1113796.365578548982739 ] } },
{ "type": "Feature", "properties": { "year": 2022, "hobo_id": 10088310, "mean_temp": 5.8378291628753161, "var_temp": 24.450190868873996, "day_temp": 6.6722336747759474, "night_temp": 5.3779350741002094, "day_temp_90": 13.846, "night_temp_10": -0.549, "longitude": 7.8383, "latitude": 47.9847 }, "bbox": [ 5159201.156917632557452, 1112513.096113570034504, 5159201.156917632557452, 1112513.096113570034504 ], "geometry": { "type": "Point", "coordinates": [ 5159201.156917632557452, 1112513.096113570034504 ] } },
{ "type": "Feature", "properties": { "year": 2022, "hobo_id": 10347327, "mean_temp": 5.1866090516260748, "var_temp": 29.092166728152755, "day_temp": 6.3583409090909013, "night_temp": 4.4977035030696966, "day_temp_90": 14.23, "night_temp_10": -2.261, "longitude": 7.7759, "latitude": 48.0057 }, "bbox": [ 5163121.009632585570216, 1104051.375315049896017, 5163121.009632585570216, 1104051.375315049896017 ], "geometry": { "type": "Point", "coordinates": [ 5163121.009632585570216, 1104051.375315049896017 ] } },
{ "type": "Feature", "properties": { "year": 2022, "hobo_id": 10760811, "mean_temp": 7.6247294708029063, "var_temp": 39.602256859948007, "day_temp": 7.5686099865047538, "night_temp": 7.6533886974499747, "day_temp_90": 14.613, "night_temp_10": 1.112, "longitude": 7.847, "latitude": 47.9923 }, "bbox": [ 5160132.344086891040206, 1113856.388259255094454, 5160132.344086891040206, 1113856.388259255094454 ], "geometry": { "type": "Point", "coordinates": [ 5160132.344086891040206, 1113856.388259255094454 ] } },
{ "type": "Feature", "properties": { "year": 2022, "hobo_id": 10801139, "mean_temp": 5.5528197992700221, "var_temp": 24.466671453716938, "day_temp": 6.154862897526499, "night_temp": 5.265891209161345, "day_temp_90": 12.883, "night_temp_10": -0.774, "longitude": 7.8471, "latitude": 47.9923 }, "bbox": [ 5160130.781205782666802, 1113870.468470805324614, 5160130.781205782666802, 1113870.468470805324614 ], "geometry": { "type": "Point", "coordinates": [ 5160130.781205782666802, 1113870.468470805324614 ] } },
{ "type": "Feature", "properties": { "year": 2022, "hobo_id": 10347355, "mean_temp": 5.542993839835713, "var_temp": 27.696928669747578, "day_temp": 6.5030509950249069, "night_temp": 4.9866796396396484, "day_temp_90": 14.325, "night_temp_10": -1.456, "longitude": 7.8696, "latitude": 47.9903 }, "bbox": [ 5159497.868426812812686, 1117007.153126346180215, 5159497.868426812812686, 1117007.153126346180215 ], "geometry": { "type": "Point", "coordinates": [ 5159497.868426812812686, 1117007.153126346180215 ] } },
{ "type": "Feature", "properties": { "year": 2022, "hobo_id": 10347366, "mean_temp": 7.2821003649634575, "var_temp": 35.237004817668044, "day_temp": 9.3297403076922976, "night_temp": 6.0760782892352356, "day_temp_90": 17.855, "night_temp_10": 0.563, "longitude": 7.8488, "latitude": 48.0053 }, "bbox": [ 5161929.631087265908718, 1114312.542629121337086, 5161929.631087265908718, 1114312.542629121337086 ], "geometry": { "type": "Point", "coordinates": [ 5161929.631087265908718, 1114312.542629121337086 ] } },
{ "type": "Feature", "properties": { "year": 2022, "hobo_id": 10347384, "mean_temp": 6.1778883075523146, "var_temp": 31.740112795940565, "day_temp": 7.7146368646662706, "night_temp": 5.2696326456749869, "day_temp_90": 15.473, "night_temp_10": -1.001, "longitude": 7.8524, "latitude": 47.9857 }, "bbox": [ 5159121.308336980640888, 1114513.803562850458547, 5159121.308336980640888, 1114513.803562850458547 ], "geometry": { "type": "Point", "coordinates": [ 5159121.308336980640888, 1114513.803562850458547 ] } },
{ "type": "Feature", "properties": { "year": 2022, "hobo_id": 10760822, "mean_temp": 5.442333333333301, "var_temp": 25.363685954358704, "day_temp": 6.2459103277674926, "night_temp": 4.9725632682574217, "day_temp_90": 12.787, "night_temp_10": -1.228, "longitude": 7.8284, "latitude": 47.9701 }, "bbox": [ 5157305.83151366468519, 1110892.38072122936137, 5157305.83151366468519, 1110892.38072122936137 ], "geometry": { "type": "Point", "coordinates": [ 5157305.83151366468519, 1110892.38072122936137 ] } },
{ "type": "Feature", "properties": { "year": 2022, "hobo_id": 10801134, "mean_temp": 6.8078423925403309, "var_temp": 37.43028935754743, "day_temp": 8.8454146948941421, "night_temp": 5.635380508778197, "day_temp_90": 15.951, "night_temp_10": -0.549, "longitude": 7.8553, "latitude": 48.005 }, "bbox": [ 5161785.788587898015976, 1115223.218763058073819, 5161785.788587898015976, 1115223.218763058073819 ], "geometry": { "type": "Point", "coordinates": [ 5161785.788587898015976, 1115223.218763058073819 ] } },
{ "type": "Feature", "properties": { "year": 2022, "hobo_id": 10350016, "mean_temp": 6.7877510837326023, "var_temp": 19.264980919085474, "day_temp": 7.0653809226932838, "night_temp": 6.6275070169125021, "day_temp_90": 13.173, "night_temp_10": 1.656, "longitude": 7.8546, "latitude": 48.0081 }, "bbox": [ 5162232.07052786462009, 1115173.034174263244495, 5162232.07052786462009, 1115173.034174263244495 ], "geometry": { "type": "Point", "coordinates": [ 5162232.07052786462009, 1115173.034174263244495 ] } },
{ "type": "Feature", "properties": { "year": 2022, "hobo_id": 10347368, "mean_temp": 6.0964156021897313, "var_temp": 25.199985567595853, "day_temp": 7.0046510480887836, "night_temp": 5.5630492396813924, "day_temp_90": 14.421, "night_temp_10": -0.102, "longitude": 7.8219, "latitude": 48.007 }, "bbox": [ 5162588.475920173339546, 1110550.601580198388547, 5162588.475920173339546, 1110550.601580198388547 ], "geometry": { "type": "Point", "coordinates": [ 5162588.475920173339546, 1110550.601580198388547 ] } },
{ "type": "Feature", "properties": { "year": 2022, "hobo_id": 10347328, "mean_temp": 6.4754641716111339, "var_temp": 21.813819700496492, "day_temp": 6.9258595717884175, "night_temp": 6.219477093772344, "day_temp_90": 13.365, "night_temp_10": 0.893, "longitude": 7.8211, "latitude": 48.0072 }, "bbox": [ 5162629.039368451572955, 1110441.038329204544425, 5162629.039368451572955, 1110441.038329204544425 ], "geometry": { "type": "Point", "coordinates": [ 5162629.039368451572955, 1110441.038329204544425 ] } },
{ "type": "Feature", "properties": { "year": 2022, "hobo_id": 10347362, "mean_temp": 5.2531771259663289, "var_temp": 25.129095187404786, "day_temp": 6.3180482936252593, "night_temp": 4.6718959578207366, "day_temp_90": 13.846, "night_temp_10": -1.456, "longitude": 7.8691, "latitude": 47.9926 }, "bbox": [ 5159828.594917802140117, 1116972.698126640869305, 5159828.594917802140117, 1116972.698126640869305 ], "geometry": { "type": "Point", "coordinates": [ 5159828.594917802140117, 1116972.698126640869305 ] } },
{ "type": "Feature", "properties": { "year": 2022, "hobo_id": 10347356, "mean_temp": 6.0422938626511336, "var_temp": 24.716252000343427, "day_temp": 6.8100599489795979, "night_temp": 5.614635879218473, "day_temp_90": 13.654, "night_temp_10": -0.213, "longitude": 7.8548, "latitude": 48.0081 }, "bbox": [ 5162228.939369527623057, 1115201.199902308639139, 5162228.939369527623057, 1115201.199902308639139 ], "geometry": { "type": "Point", "coordinates": [ 5162228.939369527623057, 1115201.199902308639139 ] } },
{ "type": "Feature", "properties": { "year": 2022, "hobo_id": 10760810, "mean_temp": 7.1606080634500939, "var_temp": 24.550537807347961, "day_temp": 7.5501615057680613, "night_temp": 6.9387565698478451, "day_temp_90": 14.517, "night_temp_10": 1.112, "longitude": 7.8473, "latitude": 48.0008 }, "bbox": [ 5161321.174262968823314, 1114031.13203803403303, 5161321.174262968823314, 1114031.13203803403303 ], "geometry": { "type": "Point", "coordinates": [ 5161321.174262968823314, 1114031.13203803403303 ] } },
{ "type": "Feature", "properties": { "year": 2022, "hobo_id": 10760709, "mean_temp": 5.8796296633302516, "var_temp": 21.975971836880976, "day_temp": 6.6042326007326109, "night_temp": 5.4492817258883379, "day_temp_90": 13.461, "night_temp_10": 0.01, "longitude": 7.8637, "latitude": 48.0223 }, "bbox": [ 5164083.721709059551358, 1116676.559407694498077, 5164083.721709059551358, 1116676.559407694498077 ], "geometry": { "type": "Point", "coordinates": [ 5164083.721709059551358, 1116676.559407694498077 ] } },
{ "type": "Feature", "properties": { "year": 2022, "hobo_id": 10347394, "mean_temp": 6.3525451848470382, "var_temp": 29.302163775520025, "day_temp": 7.7886426767676893, "night_temp": 5.5395436025732643, "day_temp_90": 15.378, "night_temp_10": -0.213, "longitude": 7.8279, "latitude": 48.0127 }, "bbox": [ 5163295.479516560211778, 1111484.342606842750683, 5163295.479516560211778, 1111484.342606842750683 ], "geometry": { "type": "Point", "coordinates": [ 5163295.479516560211778, 1111484.342606842750683 ] } },
{ "type": "Feature", "properties": { "year": 2022, "hobo_id": 10347321, "mean_temp": 6.2154669251824828, "var_temp": 24.380328773717537, "day_temp": 7.0222569316081316, "night_temp": 5.7412111553784575, "day_temp_90": 13.942, "night_temp_10": 0.01, "longitude": 7.8219, "latitude": 48.0069 }, "bbox": [ 5162574.430604360066354, 1110549.046716338023543, 5162574.430604360066354, 1110549.046716338023543 ], "geometry": { "type": "Point", "coordinates": [ 5162574.430604360066354, 1110549.046716338023543 ] } },
{ "type": "Feature", "properties": { "year": 2022, "hobo_id": 10350068, "mean_temp": 5.305620532665591, "var_temp": 32.945684579787788, "day_temp": 5.8686462882096224, "night_temp": 4.9821329749103782, "day_temp_90": 13.654, "night_temp_10": -2.377, "longitude": 7.911, "latitude": 47.9677 }, "bbox": [ 5155675.948978593572974, 1122480.72022298257798, 5155675.948978593572974, 1122480.72022298257798 ], "geometry": { "type": "Point", "coordinates": [ 5155675.948978593572974, 1122480.72022298257798 ] } },
{ "type": "Feature", "properties": { "year": 2022, "hobo_id": 10347313, "mean_temp": 5.4571953000227831, "var_temp": 28.711294587590867, "day_temp": 6.5746986817325794, "night_temp": 4.8191369175627035, "day_temp_90": 14.325, "night_temp_10": -1.684, "longitude": 7.8695, "latitude": 47.9903 }, "bbox": [ 5159499.435496230609715, 1116993.074262999696657, 5159499.435496230609715, 1116993.074262999696657 ], "geometry": { "type": "Point", "coordinates": [ 5159499.435496230609715, 1116993.074262999696657 ] } },
{ "type": "Feature", "properties": { "year": 2022, "hobo_id": 10760820, "mean_temp": 7.3437744138401992, "var_temp": 18.497342735301466, "day_temp": 7.588042635658935, "night_temp": 7.2108650263620193, "day_temp_90": 14.134, "night_temp_10": 2.195, "longitude": 7.8169, "latitude": 47.9972 }, "bbox": [ 5161290.020480112172663, 1109694.145097232889384, 5161290.020480112172663, 1109694.145097232889384 ], "geometry": { "type": "Point", "coordinates": [ 5161290.020480112172663, 1109694.145097232889384 ] } },
{ "type": "Feature", "properties": { "year": 2022, "hobo_id": 10760763, "mean_temp": 7.0005677463503444, "var_temp": 22.743391388062808, "day_temp": 7.8054047919293978, "night_temp": 6.5443591851322198, "day_temp_90": 14.804, "night_temp_10": 1.221, "longitude": 7.8214, "latitude": 48.007 }, "bbox": [ 5162596.271463165991008, 1110480.181175304343924, 5162596.271463165991008, 1110480.181175304343924 ], "geometry": { "type": "Point", "coordinates": [ 5162596.271463165991008, 1110480.181175304343924 ] } },
{ "type": "Feature", "properties": { "year": 2023, "hobo_id": 10347314, "mean_temp": 6.3317405507097613, "var_temp": 40.475393361856838, "day_temp": 6.8092098765431883, "night_temp": 6.0939233922623677, "day_temp_90": 13.942, "night_temp_10": -2.377, "longitude": 7.8454, "latitude": 48.0021 }, "bbox": [ 5161533.430984109640121, 1113783.842392544960603, 5161533.430984109640121, 1113783.842392544960603 ], "geometry": { "type": "Point", "coordinates": [ 5161533.430984109640121, 1113783.842392544960603 ] } },
{ "type": "Feature", "properties": { "year": 2023, "hobo_id": 10350028, "mean_temp": 6.3721282095173057, "var_temp": 36.663587004788681, "day_temp": 6.6805369406867703, "night_temp": 6.2209135204081916, "day_temp_90": 13.365, "night_temp_10": -1.914, "longitude": 7.8201, "latitude": 48.0075 }, "bbox": [ 5162686.765168798156083, 1110304.860353293828666, 5162686.765168798156083, 1110304.860353293828666 ], "geometry": { "type": "Point", "coordinates": [ 5162686.765168798156083, 1110304.860353293828666 ] } },
{ "type": "Feature", "properties": { "year": 2023, "hobo_id": 10350007, "mean_temp": 6.338845205479422, "var_temp": 46.420472345618379, "day_temp": 6.9193960155490455, "night_temp": 6.022934690639862, "day_temp_90": 14.134, "night_temp_10": -2.61, "longitude": 7.8681, "latitude": 48.0233 }, "bbox": [ 5164155.139955714344978, 1117311.950248942244798, 5164155.139955714344978, 1117311.950248942244798 ], "geometry": { "type": "Point", "coordinates": [ 5164155.139955714344978, 1117311.950248942244798 ] } },
{ "type": "Feature", "properties": { "year": 2023, "hobo_id": 10347333, "mean_temp": 6.062941156346219, "var_temp": 38.965167024766075, "day_temp": 6.7846842369477773, "night_temp": 5.6898969901401291, "day_temp_90": 14.038, "night_temp_10": -2.377, "longitude": 7.848, "latitude": 47.999 }, "bbox": [ 5161057.473139136098325, 1114101.638054613722488, 5161057.473139136098325, 1114101.638054613722488 ], "geometry": { "type": "Point", "coordinates": [ 5161057.473139136098325, 1114101.638054613722488 ] } },
{ "type": "Feature", "properties": { "year": 2023, "hobo_id": 10349996, "mean_temp": 4.8176116720862501, "var_temp": 44.280501763417377, "day_temp": 5.7613636363636189, "night_temp": 4.261270402611526, "day_temp_90": 13.173, "night_temp_10": -3.792, "longitude": 7.9018, "latitude": 47.98 }, "bbox": [ 5157546.660100004635751, 1121378.791498861508444, 5157546.660100004635751, 1121378.791498861508444 ], "geometry": { "type": "Point", "coordinates": [ 5157546.660100004635751, 1121378.791498861508444 ] } },
{ "type": "Feature", "properties": { "year": 2023, "hobo_id": 10347394, "mean_temp": 6.6485841601094506, "var_temp": 50.141762845182662, "day_temp": 7.017724238026112, "night_temp": 6.4466755755491016, "day_temp_90": 14.709, "night_temp_10": -2.962, "longitude": 7.8208, "latitude": 48.0069 }, "bbox": [ 5162591.580076511017978, 1110394.121891433373094, 5162591.580076511017978, 1110394.121891433373094 ], "geometry": { "type": "Point", "coordinates": [ 5162591.580076511017978, 1110394.121891433373094 ] } },
{ "type": "Feature", "properties": { "year": 2023, "hobo_id": 10760819, "mean_temp": 7.0535988700565202, "var_temp": 58.279549908758931, "day_temp": 9.0725793135435904, "night_temp": 5.8723446404341946, "day_temp_90": 20.424, "night_temp_10": -3.316, "longitude": 7.8314, "latitude": 48.0152 }, "bbox": [ 5163591.988790534436703, 1112016.241005223244429, 5163591.988790534436703, 1112016.241005223244429 ], "geometry": { "type": "Point", "coordinates": [ 5163591.988790534436703, 1112016.241005223244429 ] } },
{ "type": "Feature", "properties": { "year": 2023, "hobo_id": 10347378, "mean_temp": 5.8675994863013594, "var_temp": 44.668896948141466, "day_temp": 6.6745812529439421, "night_temp": 5.406684153887535, "day_temp_90": 14.134, "night_temp_10": -3.316, "longitude": 7.8306, "latitude": 48.015 }, "bbox": [ 5163576.38881063554436, 1111900.44491431559436, 5163576.38881063554436, 1111900.44491431559436 ], "geometry": { "type": "Point", "coordinates": [ 5163576.38881063554436, 1111900.44491431559436 ] } },
{ "type": "Feature", "properties": { "year": 2023, "hobo_id": 10349997, "mean_temp": 7.5052890638370755, "var_temp": 51.381802514339547, "day_temp": 9.2930098823529246, "night_temp": 6.4835282409897959, "day_temp_90": 19.377, "night_temp_10": -1.914, "longitude": 7.855, "latitude": 48.0156 }, "bbox": [ 5163279.084436129778624, 1115346.477625409141183, 5163279.084436129778624, 1115346.477625409141183 ], "geometry": { "type": "Point", "coordinates": [ 5163279.084436129778624, 1115346.477625409141183 ] } },
{ "type": "Feature", "properties": { "year": 2023, "hobo_id": 10350037, "mean_temp": 6.7442807738401145, "var_temp": 49.009680209851318, "day_temp": 8.0496829035338759, "night_temp": 6.0147606084867933, "day_temp_90": 17.284, "night_temp_10": -2.962, "longitude": 7.8157, "latitude": 48.0084 }, "bbox": [ 5162881.749589192681015, 1109699.133458659285679, 5162881.749589192681015, 1109699.133458659285679 ], "geometry": { "type": "Point", "coordinates": [ 5162881.749589192681015, 1109699.133458659285679 ] } },
{ "type": "Feature", "properties": { "year": 2023, "hobo_id": 10350049, "mean_temp": 5.5983965104344851, "var_temp": 38.828852310160507, "day_temp": 6.8311560209423874, "night_temp": 5.0001824186991684, "day_temp_90": 14.23, "night_temp_10": -2.962, "longitude": 7.8552, "latitude": 48.0123 }, "bbox": [ 5162812.497849754057825, 1115323.110274730250239, 5162812.497849754057825, 1115323.110274730250239 ], "geometry": { "type": "Point", "coordinates": [ 5162812.497849754057825, 1115323.110274730250239 ] } },
{ "type": "Feature", "properties": { "year": 2023, "hobo_id": 10760810, "mean_temp": 7.2911169120164221, "var_temp": 44.569961624233741, "day_temp": 8.6228004739336388, "night_temp": 6.5382090032154432, "day_temp_90": 18.236, "night_temp_10": -1.456, "longitude": 7.8357, "latitude": 47.9856 }, "bbox": [ 5159368.087478315457702, 1112161.038800401147455, 5159368.087478315457702, 1112161.038800401147455 ], "geometry": { "type": "Point", "coordinates": [ 5159368.087478315457702, 1112161.038800401147455 ] } },
{ "type": "Feature", "properties": { "year": 2023, "hobo_id": 10350056, "mean_temp": 6.3583491873396198, "var_temp": 35.63895955823218, "day_temp": 7.0228523592085095, "night_temp": 6.0202656169334032, "day_temp_90": 13.558, "night_temp_10": -1.57, "longitude": 7.8277, "latitude": 47.9753 }, "bbox": [ 5158046.731972784735262, 1110874.615970158716664, 5158046.731972784735262, 1110874.615970158716664 ], "geometry": { "type": "Point", "coordinates": [ 5158046.731972784735262, 1110874.615970158716664 ] } },
{ "type": "Feature", "properties": { "year": 2023, "hobo_id": 10347328, "mean_temp": 6.8902041060735391, "var_temp": 45.794446577601235, "day_temp": 7.9500785315985061, "night_temp": 6.272589764419199, "day_temp_90": 16.427, "night_temp_10": -2.494, "longitude": 7.7891, "latitude": 47.9993 }, "bbox": [ 5162017.211449180729687, 1105811.57061150833033, 5162017.211449180729687, 1105811.57061150833033 ], "geometry": { "type": "Point", "coordinates": [ 5162017.211449180729687, 1105811.57061150833033 ] } },
{ "type": "Feature", "properties": { "year": 2023, "hobo_id": 10347352, "mean_temp": 6.8207275838467005, "var_temp": 48.770891168973655, "day_temp": 8.7745600545950708, "night_temp": 5.6428549094898433, "day_temp_90": 18.14, "night_temp_10": -2.377, "longitude": 7.8478, "latitude": 47.9918 }, "bbox": [ 5160049.637932254932821, 1113961.236788109410554, 5160049.637932254932821, 1113961.236788109410554 ], "geometry": { "type": "Point", "coordinates": [ 5160049.637932254932821, 1113961.236788109410554 ] } },
{ "type": "Feature", "properties": { "year": 2023, "hobo_id": 10801141, "mean_temp": 6.8623067967814002, "var_temp": 48.060055605517157, "day_temp": 7.8561824712643427, "night_temp": 6.3093591793232271, "day_temp_90": 16.332, "night_temp_10": -2.261, "longitude": 7.8433, "latitude": 47.9955 }, "bbox": [ 5160639.475788877345622, 1113385.270257293479517, 5160639.475788877345622, 1113385.270257293479517 ], "geometry": { "type": "Point", "coordinates": [ 5160639.475788877345622, 1113385.270257293479517 ] } },
{ "type": "Feature", "properties": { "year": 2023, "hobo_id": 10347379, "mean_temp": 6.4044579982891179, "var_temp": 39.553349633288605, "day_temp": 7.2774826941066122, "night_temp": 5.9009438899379463, "day_temp_90": 14.23, "night_temp_10": -1.914, "longitude": 7.8499, "latitude": 47.9887 }, "bbox": [ 5159581.57056344486773, 1114208.592766062123701, 5159581.57056344486773, 1114208.592766062123701 ], "geometry": { "type": "Point", "coordinates": [ 5159581.57056344486773, 1114208.592766062123701 ] } },
{ "type": "Feature", "properties": { "year": 2023, "hobo_id": 10350060, "mean_temp": 6.7394987159733306, "var_temp": 37.57128811510966, "day_temp": 7.271388025594125, "night_temp": 6.4209184232137817, "day_temp_90": 14.038, "night_temp_10": -1.57, "longitude": 7.8399, "latitude": 48.0004 }, "bbox": [ 5161380.655794410966337, 1112982.83555066678673, 5161380.655794410966337, 1112982.83555066678673 ], "geometry": { "type": "Point", "coordinates": [ 5161380.655794410966337, 1112982.83555066678673 ] } },
{ "type": "Feature", "properties": { "year": 2023, "hobo_id": 10350107, "mean_temp": 8.7336515622443986, "var_temp": 54.517921718230973, "day_temp": 8.1143216710182511, "night_temp": 9.0161710338256373, "day_temp_90": 15.282, "night_temp_10": -1.914, "longitude": 7.8181, "latitude": 48.0074 }, "bbox": [ 5162703.892552427947521, 1110021.620466179447249, 5162703.892552427947521, 1110021.620466179447249 ], "geometry": { "type": "Point", "coordinates": [ 5162703.892552427947521, 1110021.620466179447249 ] } },
{ "type": "Feature", "properties": { "year": 2023, "hobo_id": 10347367, "mean_temp": 6.6973123165646511, "var_temp": 23.47697870318023, "day_temp": 6.4812821722545246, "night_temp": 6.810586294015021, "day_temp_90": 10.063, "night_temp_10": 1.764, "longitude": 7.8477, "latitude": 47.9918 }, "bbox": [ 5160051.200909900479019, 1113947.156701081665233, 5160051.200909900479019, 1113947.156701081665233 ], "geometry": { "type": "Point", "coordinates": [ 5160051.200909900479019, 1113947.156701081665233 ] } },
{ "type": "Feature", "properties": { "year": 2023, "hobo_id": 10088313, "mean_temp": 6.3187656517276807, "var_temp": 47.550154048065522, "day_temp": 6.5646509090908909, "night_temp": 6.198049222137251, "day_temp_90": 14.134, "night_temp_10": -2.727, "longitude": 7.8422, "latitude": 47.9994 }, "bbox": [ 5161204.297568695619702, 1113291.139971407363191, 5161204.297568695619702, 1113291.139971407363191 ], "geometry": { "type": "Point", "coordinates": [ 5161204.297568695619702, 1113291.139971407363191 ] } },
{ "type": "Feature", "properties": { "year": 2023, "hobo_id": 10350068, "mean_temp": 5.6172683219177948, "var_temp": 41.879421733608481, "day_temp": 6.582273858921158, "night_temp": 5.0470975211113993, "day_temp_90": 14.23, "night_temp_10": -3.197, "longitude": 7.8211, "latitude": 47.9971 }, "bbox": [ 5161210.547579468227923, 1110284.049573148833588, 5161210.547579468227923, 1110284.049573148833588 ], "geometry": { "type": "Point", "coordinates": [ 5161210.547579468227923, 1110284.049573148833588 ] } },
{ "type": "Feature", "properties": { "year": 2023, "hobo_id": 10347355, "mean_temp": 5.5993121258765326, "var_temp": 43.790401247583034, "day_temp": 6.7745782891445581, "night_temp": 4.988772349272331, "day_temp_90": 14.613, "night_temp_10": -3.434, "longitude": 7.8594, "latitude": 48.0173 }, "bbox": [ 5163448.903740211389959, 1115992.746760899899527, 5163448.903740211389959, 1115992.746760899899527 ], "geometry": { "type": "Point", "coordinates": [ 5163448.903740211389959, 1115992.746760899899527 ] } },
{ "type": "Feature", "properties": { "year": 2023, "hobo_id": 10347324, "mean_temp": 6.1879536672935718, "var_temp": 43.769013140978892, "day_temp": 6.807704038257155, "night_temp": 5.8939354676078137, "day_temp_90": 14.517, "night_temp_10": -2.727, "longitude": 7.8484, "latitude": 47.999 }, "bbox": [ 5161051.218657236546278, 1114157.963760710554197, 5161051.218657236546278, 1114157.963760710554197 ], "geometry": { "type": "Point", "coordinates": [ 5161051.218657236546278, 1114157.963760710554197 ] } },
{ "type": "Feature", "properties": { "year": 2023, "hobo_id": 10347321, "mean_temp": 5.8415832620229171, "var_temp": 48.318030052421015, "day_temp": 6.6641178120616855, "night_temp": 5.366582883369329, "day_temp_90": 13.942, "night_temp_10": -2.962, "longitude": 7.9029, "latitude": 47.9815 }, "bbox": [ 5157739.873355424962938, 1121557.143909339094535, 5157739.873355424962938, 1121557.143909339094535 ], "geometry": { "type": "Point", "coordinates": [ 5157739.873355424962938, 1121557.143909339094535 ] } },
{ "type": "Feature", "properties": { "year": 2023, "hobo_id": 10350095, "mean_temp": 6.3351329341317477, "var_temp": 45.211400287424709, "day_temp": 7.6099634034766472, "night_temp": 5.5735097021044098, "day_temp_90": 15.091, "night_temp_10": -3.079, "longitude": 7.8195, "latitude": 48.0075 }, "bbox": [ 5162696.117906357161701, 1110220.354823088739067, 5162696.117906357161701, 1110220.354823088739067 ], "geometry": { "type": "Point", "coordinates": [ 5162696.117906357161701, 1110220.354823088739067 ] } },
{ "type": "Feature", "properties": { "year": 2024, "hobo_id": 10610853, "mean_temp": 9.8744651385738766, "var_temp": 15.382215554131898, "day_temp": 10.574779198841709, "night_temp": 9.4785440654842557, "day_temp_90": 15.282, "night_temp_10": 4.102, "longitude": 7.8361, "latitude": 47.985 }, "bbox": [ 5159277.605758237652481, 1112208.021219898015261, 5159277.605758237652481, 1112208.021219898015261 ], "geometry": { "type": "Point", "coordinates": [ 5159277.605758237652481, 1112208.021219898015261 ] } },
{ "type": "Feature", "properties": { "year": 2024, "hobo_id": 10350016, "mean_temp": 8.1501707189540529, "var_temp": 19.620509299334316, "day_temp": 9.1160274308106768, "night_temp": 7.6166760010822712, "day_temp_90": 14.134, "night_temp_10": 1.439, "longitude": 7.8215, "latitude": 48.0081 }, "bbox": [ 5162749.212449645623565, 1110511.368442968931049, 5162749.212449645623565, 1110511.368442968931049 ], "geometry": { "type": "Point", "coordinates": [ 5162749.212449645623565, 1110511.368442968931049 ] } },
{ "type": "Feature", "properties": { "year": 2024, "hobo_id": 10350089, "mean_temp": 7.748129737736372, "var_temp": 21.831535765930575, "day_temp": 8.7220692469106602, "night_temp": 7.1669908180300386, "day_temp_90": 14.134, "night_temp_10": 0.343, "longitude": 7.797, "latitude": 47.9762 }, "bbox": [ 5158650.450615, 1106566.448007591767237, 5158650.450615, 1106566.448007591767237 ], "geometry": { "type": "Point", "coordinates": [ 5158650.450615, 1106566.448007591767237 ] } },
{ "type": "Feature", "properties": { "year": 2024, "hobo_id": 10347314, "mean_temp": 8.2452115719761849, "var_temp": 21.02186310224862, "day_temp": 9.1998200362647022, "night_temp": 7.6489866930917039, "day_temp_90": 14.804, "night_temp_10": 1.548, "longitude": 7.8639, "latitude": 48.0057 }, "bbox": [ 5161749.380403534509242, 1116445.21523509779945, 5161749.380403534509242, 1116445.21523509779945 ], "geometry": { "type": "Point", "coordinates": [ 5161749.380403534509242, 1116445.21523509779945 ] } },
{ "type": "Feature", "properties": { "year": 2024, "hobo_id": 10760709, "mean_temp": 8.9715321108814727, "var_temp": 24.300444090574352, "day_temp": 8.8229896079357992, "night_temp": 9.0567297480357922, "day_temp_90": 13.558, "night_temp_10": 2.624, "longitude": 7.8254, "latitude": 47.9973 }, "bbox": [ 5161171.611819171346724, 1110892.691237980034202, 5161171.611819171346724, 1110892.691237980034202 ], "geometry": { "type": "Point", "coordinates": [ 5161171.611819171346724, 1110892.691237980034202 ] } },
{ "type": "Feature", "properties": { "year": 2024, "hobo_id": 10349997, "mean_temp": 8.2425504619137104, "var_temp": 17.712002599432044, "day_temp": null, "night_temp": null, "day_temp_90": null, "night_temp_10": null, "longitude": 7.8699, "latitude": 48.0315 }, "bbox": [ 5165278.616253148764372, 1117693.854077209252864, 5165278.616253148764372, 1117693.854077209252864 ], "geometry": { "type": "Point", "coordinates": [ 5165278.616253148764372, 1117693.854077209252864 ] } },
{ "type": "Feature", "properties": { "year": 2024, "hobo_id": 10350002, "mean_temp": 7.3853184591246928, "var_temp": 11.914196952004684, "day_temp": 7.9851831408776031, "night_temp": 7.0217386618140454, "day_temp_90": 12.594, "night_temp_10": 2.517, "longitude": 7.7932, "latitude": 47.9893 }, "bbox": [ 5160549.040078573860228, 1106234.164777490543202, 5160549.040078573860228, 1106234.164777490543202 ], "geometry": { "type": "Point", "coordinates": [ 5160549.040078573860228, 1106234.164777490543202 ] } },
{ "type": "Feature", "properties": { "year": 2024, "hobo_id": 10132405, "mean_temp": 8.6059516339867752, "var_temp": 22.72832563013398, "day_temp": 9.4926432500000111, "night_temp": 8.1314678260868885, "day_temp_90": 14.517, "night_temp_10": 1.548, "longitude": 7.8284, "latitude": 47.9758 }, "bbox": [ 5158106.02116471901536, 1110980.929121614433825, 5158106.02116471901536, 1110980.929121614433825 ], "geometry": { "type": "Point", "coordinates": [ 5158106.02116471901536, 1110980.929121614433825 ] } },
{ "type": "Feature", "properties": { "year": 2024, "hobo_id": 10347362, "mean_temp": 7.7655964789958674, "var_temp": 21.990153002327013, "day_temp": 8.7878894760018031, "night_temp": 7.0957674552798951, "day_temp_90": 13.942, "night_temp_10": 0.343, "longitude": 7.7947, "latitude": 47.982 }, "bbox": [ 5159500.586378519423306, 1106332.38284231023863, 5159500.586378519423306, 1106332.38284231023863 ], "geometry": { "type": "Point", "coordinates": [ 5159500.586378519423306, 1106332.38284231023863 ] } },
{ "type": "Feature", "properties": { "year": 2024, "hobo_id": 10350017, "mean_temp": 7.9496515904137217, "var_temp": 14.740160822473152, "day_temp": 17.789235294117645, "night_temp": 7.9204106284413491, "day_temp_90": 19.948, "night_temp_10": 2.41, "longitude": 7.85, "latitude": 47.9885 }, "bbox": [ 5159551.928012332879007, 1114219.554657166823745, 5159551.928012332879007, 1114219.554657166823745 ], "geometry": { "type": "Point", "coordinates": [ 5159551.928012332879007, 1114219.554657166823745 ] } },
{ "type": "Feature", "properties": { "year": 2024, "hobo_id": 10088313, "mean_temp": 7.905508366742068, "var_temp": 18.565084435430709, "day_temp": 8.7001555004135724, "night_temp": 7.5382106537530351, "day_temp_90": 13.75, "night_temp_10": 1.33, "longitude": 7.7911, "latitude": 48.0018 }, "bbox": [ 5162337.324983048252761, 1106131.964047562330961, 5162337.324983048252761, 1106131.964047562330961 ], "geometry": { "type": "Point", "coordinates": [ 5162337.324983048252761, 1106131.964047562330961 ] } },
{ "type": "Feature", "properties": { "year": 2024, "hobo_id": 10801132, "mean_temp": 8.2887397367731594, "var_temp": 18.107134181385494, "day_temp": 9.362353558926479, "night_temp": 7.6487237061769218, "day_temp_90": 14.325, "night_temp_10": 1.872, "longitude": 7.4837, "latitude": 47.5959 }, "bbox": [ 5110064.961472425609827, 1056827.348683183314279, 5110064.961472425609827, 1056827.348683183314279 ], "geometry": { "type": "Point", "coordinates": [ 5110064.961472425609827, 1056827.348683183314279 ] } },
{ "type": "Feature", "properties": { "year": 2024, "hobo_id": 10760820, "mean_temp": 8.093788914066474, "var_temp": 17.858665998147675, "day_temp": 8.8564941206543786, "night_temp": 7.6992236180904516, "day_temp_90": 13.654, "night_temp_10": 1.548, "longitude": 7.8, "latitude": 47.9773 }, "bbox": [ 5158758.33692323975265, 1107005.858293704455718, 5158758.33692323975265, 1107005.858293704455718 ], "geometry": { "type": "Point", "coordinates": [ 5158758.33692323975265, 1107005.858293704455718 ] } },
{ "type": "Feature", "properties": { "year": 2024, "hobo_id": 10350006, "mean_temp": 8.7276195206969618, "var_temp": 16.997017390345821, "day_temp": 9.1262101598762229, "night_temp": 8.5241530867447928, "day_temp_90": 13.846, "night_temp_10": 3.049, "longitude": 7.8201, "latitude": 48.0074 }, "bbox": [ 5162672.719620144926012, 1110303.305791125632823, 5162672.719620144926012, 1110303.305791125632823 ], "geometry": { "type": "Point", "coordinates": [ 5162672.719620144926012, 1110303.305791125632823 ] } },
{ "type": "Feature", "properties": { "year": 2024, "hobo_id": 10350012, "mean_temp": 8.3396183006533935, "var_temp": 20.882603963757667, "day_temp": 9.2884922383575379, "night_temp": 7.8330279374414999, "day_temp_90": 14.517, "night_temp_10": 1.439, "longitude": 7.8528, "latitude": 48.0174 }, "bbox": [ 5163566.341678280383348, 1115064.728553255554289, 5163566.341678280383348, 1115064.728553255554289 ], "geometry": { "type": "Point", "coordinates": [ 5163566.341678280383348, 1115064.728553255554289 ] } },
{ "type": "Feature", "properties": { "year": 2017, "hobo_id": 10801132, "mean_temp": 0.24402113296152558, "var_temp": 25.83824694186951, "day_temp": 1.5382743122820539, "night_temp": -0.54512780533900351, "day_temp_90": 8.879, "night_temp_10": -6.246, "longitude": 7.863138, "latitude": 47.98982 }, "bbox": [ 5159531.705805763602257, 1116089.873622867045924, 5159531.705805763602257, 1116089.873622867045924 ], "geometry": { "type": "Point", "coordinates": [ 5159531.705805763602257, 1116089.873622867045924 ] } },
{ "type": "Feature", "properties": { "year": 2017, "hobo_id": 10760706, "mean_temp": 2.6046804516791089, "var_temp": 25.711860856072764, "day_temp": 4.2896883720929857, "night_temp": 1.7099692411315475, "day_temp_90": 13.461, "night_temp_10": -3.434, "longitude": 7.835512, "latitude": 47.985563 }, "bbox": [ 5159365.825680091977119, 1112133.993810100480914, 5159365.825680091977119, 1112133.993810100480914 ], "geometry": { "type": "Point", "coordinates": [ 5159365.825680091977119, 1112133.993810100480914 ] } },
{ "type": "Feature", "properties": { "year": 2017, "hobo_id": 10350060, "mean_temp": 2.7335948717947978, "var_temp": 49.767298453599501, "day_temp": 5.517926787252347, "night_temp": 1.357430821626235, "day_temp_90": 18.616, "night_temp_10": -4.031, "longitude": 7.815142, "latitude": 47.996252 }, "bbox": [ 5161184.260962284170091, 1109431.854677061550319, 5161184.260962284170091, 1109431.854677061550319 ], "geometry": { "type": "Point", "coordinates": [ 5161184.260962284170091, 1109431.854677061550319 ] } },
{ "type": "Feature", "properties": { "year": 2017, "hobo_id": 10801141, "mean_temp": 0.39850234672923374, "var_temp": 26.543805209397437, "day_temp": 1.5149125833006609, "night_temp": -0.26893672369345756, "day_temp_90": 8.68, "night_temp_10": -6.12, "longitude": 7.828284, "latitude": 47.97577 }, "bbox": [ 5158103.616756197996438, 1110964.132650920422748, 5158103.616756197996438, 1110964.132650920422748 ], "geometry": { "type": "Point", "coordinates": [ 5158103.616756197996438, 1110964.132650920422748 ] } },
{ "type": "Feature", "properties": { "year": 2018, "hobo_id": 10350103, "mean_temp": 7.2003564561455375, "var_temp": 9.9009540057604006, "day_temp": 7.4092622516556084, "night_temp": 7.1402826128356534, "day_temp_90": 12.787, "night_temp_10": 3.367, "longitude": 7.8454, "latitude": 48.002144 }, "bbox": [ 5161539.609725535847247, 1113784.528322193771601, 5161539.609725535847247, 1113784.528322193771601 ], "geometry": { "type": "Point", "coordinates": [ 5161539.609725535847247, 1113784.528322193771601 ] } },
{ "type": "Feature", "properties": { "year": 2018, "hobo_id": 10347323, "mean_temp": 6.240620502569973, "var_temp": 11.356333788561473, "day_temp": 7.0922366790582378, "night_temp": 6.11626022727273, "day_temp_90": 12.594, "night_temp_10": 2.195, "longitude": 7.8152, "latitude": 47.996362 }, "bbox": [ 5161198.806094345636666, 1109441.73048740089871, 5161198.806094345636666, 1109441.73048740089871 ], "geometry": { "type": "Point", "coordinates": [ 5161198.806094345636666, 1109441.73048740089871 ] } },
{ "type": "Feature", "properties": { "year": 2018, "hobo_id": 10347342, "mean_temp": 7.4525360283687778, "var_temp": 11.907374223201673, "day_temp": 7.8102605602490085, "night_temp": 7.2849620912309696, "day_temp_90": 12.304, "night_temp_10": 3.472, "longitude": 7.8368, "latitude": 47.995024 }, "bbox": [ 5160674.15150292776525, 1112462.587375136790797, 5160674.15150292776525, 1112462.587375136790797 ], "geometry": { "type": "Point", "coordinates": [ 5160674.15150292776525, 1112462.587375136790797 ] } },
{ "type": "Feature", "properties": { "year": 2018, "hobo_id": 10350046, "mean_temp": 8.0713210839954694, "var_temp": 17.506600165231617, "day_temp": 8.1397506944444196, "night_temp": 8.0513052631579196, "day_temp_90": 13.269, "night_temp_10": 3.683, "longitude": 7.8357, "latitude": 47.98549 }, "bbox": [ 5159352.643233832903206, 1112159.327392918523401, 5159352.643233832903206, 1112159.327392918523401 ], "geometry": { "type": "Point", "coordinates": [ 5159352.643233832903206, 1112159.327392918523401 ] } },
{ "type": "Feature", "properties": { "year": 2019, "hobo_id": 10347318, "mean_temp": 4.778038860103532, "var_temp": 35.783302258795686, "day_temp": 4.3589852941176463, "night_temp": 4.8584852734921995, "day_temp_90": 10.846, "night_temp_10": -1.341, "longitude": 7.845553, "latitude": 48.004675 }, "bbox": [ 5161892.641713878139853, 1113845.533777209464461, 5161892.641713878139853, 1113845.533777209464461 ], "geometry": { "type": "Point", "coordinates": [ 5161892.641713878139853, 1113845.533777209464461 ] } },
{ "type": "Feature", "properties": { "year": 2019, "hobo_id": 10350009, "mean_temp": 4.2498887841658863, "var_temp": 15.678248587675235, "day_temp": 4.7119801980197868, "night_temp": 4.0428857045377171, "day_temp_90": 9.373, "night_temp_10": -0.437, "longitude": 7.842, "latitude": 47.991 }, "bbox": [ 5160027.93201800622046, 1113132.124905834905803, 5160027.93201800622046, 1113132.124905834905803 ], "geometry": { "type": "Point", "coordinates": [ 5160027.93201800622046, 1113132.124905834905803 ] } },
{ "type": "Feature", "properties": { "year": 2019, "hobo_id": 10347326, "mean_temp": 4.9160713146502051, "var_temp": 28.125411743089924, "day_temp": 6.7079365994236202, "night_temp": 4.5775280259951092, "day_temp_90": 12.594, "night_temp_10": -0.774, "longitude": 7.815046, "latitude": 47.996246 }, "bbox": [ 5161184.91306675132364, 1109418.242473009973764, 5161184.91306675132364, 1109418.242473009973764 ], "geometry": { "type": "Point", "coordinates": [ 5161184.91306675132364, 1109418.242473009973764 ] } },
{ "type": "Feature", "properties": { "year": 2019, "hobo_id": 10347385, "mean_temp": 4.7302449364106689, "var_temp": 33.774314458248796, "day_temp": 4.735246183206101, "night_temp": 4.7286060037523114, "day_temp_90": 11.236, "night_temp_10": -1.114, "longitude": 7.82794, "latitude": 47.9744644 }, "bbox": [ 5157925.68478203099221, 1110895.421366811497137, 5157925.68478203099221, 1110895.421366811497137 ], "geometry": { "type": "Point", "coordinates": [ 5157925.68478203099221, 1110895.421366811497137 ] } },
{ "type": "Feature", "properties": { "year": 2019, "hobo_id": 10347386, "mean_temp": 4.3387330508474555, "var_temp": 14.351934953444717, "day_temp": 5.1136200466200412, "night_temp": 4.1426112094395426, "day_temp_90": 11.041, "night_temp_10": 0.01, "longitude": 7.820571, "latitude": 47.994433 }, "bbox": [ 5160844.255280886776745, 1110168.115869075059891, 5160844.255280886776745, 1110168.115869075059891 ], "geometry": { "type": "Point", "coordinates": [ 5160844.255280886776745, 1110168.115869075059891 ] } },
{ "type": "Feature", "properties": { "year": 2019, "hobo_id": 10350097, "mean_temp": 4.9045369470101745, "var_temp": 20.501053861143674, "day_temp": 5.8159686192468696, "night_temp": 4.7776931628682355, "day_temp_90": 11.722, "night_temp_10": -0.213, "longitude": 7.815128, "latitude": 47.996347 }, "bbox": [ 5161197.82058460265398, 1109431.358279517618939, 5161197.82058460265398, 1109431.358279517618939 ], "geometry": { "type": "Point", "coordinates": [ 5161197.82058460265398, 1109431.358279517618939 ] } },
{ "type": "Feature", "properties": { "year": 2020, "hobo_id": 10347335, "mean_temp": 6.0994706216292132, "var_temp": 19.938508019792557, "day_temp": null, "night_temp": 6.0994706216292132, "day_temp_90": null, "night_temp_10": -0.437, "longitude": 7.8142, "latitude": 48.0057 }, "bbox": [ 5162525.87837094720453, 1109445.921704861102626, 5162525.87837094720453, 1109445.921704861102626 ], "geometry": { "type": "Point", "coordinates": [ 5162525.87837094720453, 1109445.921704861102626 ] } },
{ "type": "Feature", "properties": { "year": 2020, "hobo_id": 10347367, "mean_temp": 5.8566775404156788, "var_temp": 18.698898643029967, "day_temp": 6.4216878612716632, "night_temp": 5.5529813581890703, "day_temp_90": 12.594, "night_temp_10": -0.887, "longitude": 7.8364, "latitude": 47.9746 }, "bbox": [ 5157812.859958617947996, 1112088.48549075727351, 5157812.859958617947996, 1112088.48549075727351 ], "geometry": { "type": "Point", "coordinates": [ 5157812.859958617947996, 1112088.48549075727351 ] } },
{ "type": "Feature", "properties": { "year": 2020, "hobo_id": 10347357, "mean_temp": 5.3047192733465529, "var_temp": 24.798141585849397, "day_temp": 6.1748294635708749, "night_temp": 4.8268091468777401, "day_temp_90": 12.401, "night_temp_10": -1.57, "longitude": 7.8234, "latitude": 48.0175 }, "bbox": [ 5164039.937288505956531, 1110925.195372474379838, 5164039.937288505956531, 1110925.195372474379838 ], "geometry": { "type": "Point", "coordinates": [ 5164039.937288505956531, 1110925.195372474379838 ] } },
{ "type": "Feature", "properties": { "year": 2020, "hobo_id": 10760706, "mean_temp": 5.973685017026086, "var_temp": 19.364957861586507, "day_temp": 6.7962938808373528, "night_temp": 5.5259723926379847, "day_temp_90": 12.497, "night_temp_10": -0.662, "longitude": 7.826, "latitude": 47.975 }, "bbox": [ 5158031.095364428125322, 1110630.632538642734289, 5158031.095364428125322, 1110630.632538642734289 ], "geometry": { "type": "Point", "coordinates": [ 5158031.095364428125322, 1110630.632538642734289 ] } },
{ "type": "Feature", "properties": { "year": 2020, "hobo_id": 10350105, "mean_temp": 6.3952353776262942, "var_temp": 20.556416903684095, "day_temp": 7.0499152046783182, "night_temp": 5.9794498607242081, "day_temp_90": 12.497, "night_temp_10": -0.102, "longitude": 7.8627, "latitude": 47.9905 }, "bbox": [ 5159634.029044524766505, 1116038.82400789251551, 5159634.029044524766505, 1116038.82400789251551 ], "geometry": { "type": "Point", "coordinates": [ 5159634.029044524766505, 1116038.82400789251551 ] } },
{ "type": "Feature", "properties": { "year": 2020, "hobo_id": 10347319, "mean_temp": 8.1716586265607205, "var_temp": 17.068156617180829, "day_temp": 9.0855178127588516, "night_temp": 7.6955999136814803, "day_temp_90": 14.134, "night_temp_10": 2.303, "longitude": 7.836, "latitude": 47.9852 }, "bbox": [ 5159307.246183785609901, 1112197.053607029141858, 5159307.246183785609901, 1112197.053607029141858 ], "geometry": { "type": "Point", "coordinates": [ 5159307.246183785609901, 1112197.053607029141858 ] } },
{ "type": "Feature", "properties": { "year": 2020, "hobo_id": 10350032, "mean_temp": 5.3982450312322259, "var_temp": 27.053677211456488, "day_temp": 6.3831797307996929, "night_temp": 4.8475710491367519, "day_temp_90": 12.304, "night_temp_10": -2.03, "longitude": 7.8885, "latitude": 47.9851 }, "bbox": [ 5158471.445455178618431, 1119586.551297875354066, 5158471.445455178618431, 1119586.551297875354066 ], "geometry": { "type": "Point", "coordinates": [ 5158471.445455178618431, 1119586.551297875354066 ] } },
{ "type": "Feature", "properties": { "year": 2021, "hobo_id": 10347310, "mean_temp": 4.6323204719387689, "var_temp": 13.037544090885389, "day_temp": 6.081782006920414, "night_temp": 3.786069191919196, "day_temp_90": 10.944, "night_temp_10": -0.774, "longitude": 7.8298, "latitude": 47.9731 }, "bbox": [ 5157705.165222278796136, 1111136.065095169935375, 5157705.165222278796136, 1111136.065095169935375 ], "geometry": { "type": "Point", "coordinates": [ 5157705.165222278796136, 1111136.065095169935375 ] } },
{ "type": "Feature", "properties": { "year": 2021, "hobo_id": 10350081, "mean_temp": 4.9743580994897778, "var_temp": 13.025663022920016, "day_temp": 5.6260517241379366, "night_temp": 4.6212772861356815, "day_temp_90": 9.768, "night_temp_10": 0.563, "longitude": 7.79173, "latitude": 47.9989 }, "bbox": [ 5161920.196583004668355, 1106175.784694726811722, 5161920.196583004668355, 1106175.784694726811722 ], "geometry": { "type": "Point", "coordinates": [ 5161920.196583004668355, 1106175.784694726811722 ] } },
{ "type": "Feature", "properties": { "year": 2021, "hobo_id": 10760823, "mean_temp": 7.8890209511140732, "var_temp": 6.8339430996939878, "day_temp": 8.3604188817598697, "night_temp": 7.6205996868475552, "day_temp_90": 12.013, "night_temp_10": 4.623, "longitude": 7.8454, "latitude": 48.0021 }, "bbox": [ 5161533.430984109640121, 1113783.842392544960603, 5161533.430984109640121, 1113783.842392544960603 ], "geometry": { "type": "Point", "coordinates": [ 5161533.430984109640121, 1113783.842392544960603 ] } },
{ "type": "Feature", "properties": { "year": 2021, "hobo_id": 10801132, "mean_temp": 6.3822694736841976, "var_temp": 19.642220095838653, "day_temp": 7.1777660256410236, "night_temp": 5.9932492163009439, "day_temp_90": 12.11, "night_temp_10": 1.656, "longitude": 7.83605, "latitude": 47.98486 }, "bbox": [ 5159258.729746625758708, 1112198.803385335486382, 5159258.729746625758708, 1112198.803385335486382 ], "geometry": { "type": "Point", "coordinates": [ 5159258.729746625758708, 1112198.803385335486382 ] } },
{ "type": "Feature", "properties": { "year": 2021, "hobo_id": 10350032, "mean_temp": 5.1514519298245469, "var_temp": 23.723272142476073, "day_temp": 6.2441463414634217, "night_temp": 4.6454917864476357, "day_temp_90": 10.846, "night_temp_10": 0.121, "longitude": 7.8608, "latitude": 48.0226 }, "bbox": [ 5164171.333379597403109, 1116272.778261278988793, 5164171.333379597403109, 1116272.778261278988793 ], "geometry": { "type": "Point", "coordinates": [ 5164171.333379597403109, 1116272.778261278988793 ] } },
{ "type": "Feature", "properties": { "year": 2022, "hobo_id": 10801132, "mean_temp": 4.7105644535706022, "var_temp": 22.54528551472886, "day_temp": 5.2805342372881263, "night_temp": 4.4214635488308032, "day_temp_90": 11.916, "night_temp_10": -1.456, "longitude": 7.9503, "latitude": 48.0903 }, "bbox": [ 5172268.578584692440927, 1129949.079584113322198, 5172268.578584692440927, 1129949.079584113322198 ], "geometry": { "type": "Point", "coordinates": [ 5172268.578584692440927, 1129949.079584113322198 ] } },
{ "type": "Feature", "properties": { "year": 2022, "hobo_id": 10760710, "mean_temp": 6.1573352285649046, "var_temp": 22.019753595057566, "day_temp": 6.5959526281635537, "night_temp": 5.9206722689075635, "day_temp_90": 13.076, "night_temp_10": 0.563, "longitude": 7.8383, "latitude": 47.9847 }, "bbox": [ 5159201.156917632557452, 1112513.096113570034504, 5159201.156917632557452, 1112513.096113570034504 ], "geometry": { "type": "Point", "coordinates": [ 5159201.156917632557452, 1112513.096113570034504 ] } },
{ "type": "Feature", "properties": { "year": 2022, "hobo_id": 10801141, "mean_temp": 6.4837602099018659, "var_temp": 28.447190307845908, "day_temp": 6.9753219133807534, "night_temp": 6.2156198871650199, "day_temp_90": 14.325, "night_temp_10": -0.437, "longitude": 7.8322, "latitude": 47.9933 }, "bbox": [ 5160503.856193277984858, 1111788.026678309310228, 5160503.856193277984858, 1111788.026678309310228 ], "geometry": { "type": "Point", "coordinates": [ 5160503.856193277984858, 1111788.026678309310228 ] } },
{ "type": "Feature", "properties": { "year": 2022, "hobo_id": 10347320, "mean_temp": 5.9177373482939837, "var_temp": 23.674111975661631, "day_temp": 6.7401386198547319, "night_temp": 5.4173296500920864, "day_temp_90": 13.173, "night_temp_10": -0.325, "longitude": 7.8279, "latitude": 48.0127 }, "bbox": [ 5163295.479516560211778, 1111484.342606842750683, 5163295.479516560211778, 1111484.342606842750683 ], "geometry": { "type": "Point", "coordinates": [ 5163295.479516560211778, 1111484.342606842750683 ] } },
{ "type": "Feature", "properties": { "year": 2023, "hobo_id": 10350005, "mean_temp": 5.6192692110217362, "var_temp": 41.069781547677259, "day_temp": 6.5339379407616214, "night_temp": 5.0957222820236661, "day_temp_90": 13.846, "night_temp_10": -3.316, "longitude": 7.8277, "latitude": 48.0127 }, "bbox": [ 5163298.600989400409162, 1111456.17282033408992, 5163298.600989400409162, 1111456.17282033408992 ], "geometry": { "type": "Point", "coordinates": [ 5163298.600989400409162, 1111456.17282033408992 ] } },
{ "type": "Feature", "properties": { "year": 2023, "hobo_id": 10350089, "mean_temp": 6.2512422636348397, "var_temp": 41.50961867915732, "day_temp": 7.0330200205338551, "night_temp": 5.8608543963086577, "day_temp_90": 14.613, "night_temp_10": -2.494, "longitude": 7.848, "latitude": 47.9995 }, "bbox": [ 5161127.682402592152357, 1114109.434058125130832, 5161127.682402592152357, 1114109.434058125130832 ], "geometry": { "type": "Point", "coordinates": [ 5161127.682402592152357, 1114109.434058125130832 ] } },
{ "type": "Feature", "properties": { "year": 2024, "hobo_id": 10760762, "mean_temp": 7.967009496427865, "var_temp": 18.085713027965983, "day_temp": null, "night_temp": null, "day_temp_90": null, "night_temp_10": null, "longitude": 7.8436, "latitude": 47.9869 }, "bbox": [ 5159427.290245127864182, 1113293.54661876289174, 5159427.290245127864182, 1113293.54661876289174 ], "geometry": { "type": "Point", "coordinates": [ 5159427.290245127864182, 1113293.54661876289174 ] } },
{ "type": "Feature", "properties": { "year": 2017, "hobo_id": 10132402, "mean_temp": 4.6605725071224251, "var_temp": 47.222328459338058, "day_temp": 7.6918368506492891, "night_temp": 3.0211881035996035, "day_temp_90": 23.292, "night_temp_10": -1.914, "longitude": 7.858149, "latitude": 47.987359 }, "bbox": [ 5159264.297960528172553, 1115349.065610581310466, 5159264.297960528172553, 1115349.065610581310466 ], "geometry": { "type": "Point", "coordinates": [ 5159264.297960528172553, 1115349.065610581310466 ] } },
{ "type": "Feature", "properties": { "year": 2017, "hobo_id": 10347337, "mean_temp": 0.12668123808125784, "var_temp": 24.582446093064913, "day_temp": 1.384683256172841, "night_temp": -0.64509183431952721, "day_temp_90": 8.779, "night_temp_10": -6.12, "longitude": 7.844482, "latitude": 47.986339 }, "bbox": [ 5159334.75144961848855, 1113408.988303464604542, 5159334.75144961848855, 1113408.988303464604542 ], "geometry": { "type": "Point", "coordinates": [ 5159334.75144961848855, 1113408.988303464604542 ] } }
]
}
